study_hours,previous_score,sleep_hours,attendance_percent,practice_questions,extracurricular,exam_score
4.9,55.7,7.4,97.0,13,No,62.0
11.0,56.4,10.0,72.2,58,No,69.4
8.7,64.8,4.8,87.8,30,Yes,66.5
7.3,73.1,7.0,55.9,98,Yes,75.8
2.6,80.8,7.8,64.2,104,No,62.6
2.6,56.8,7.1,76.9,30,Yes,51.7
1.6,88.9,6.9,94.5,38,No,68.2
10.1,64.2,5.4,78.7,12,Yes,78.4
7.3,67.7,7.3,96.8,142,Yes,88.2
8.4,57.5,6.1,76.8,52,No,66.3
1.2,34.1,4.4,77.1,111,No,35.4
11.2,80.4,8.4,60.4,58,Yes,87.3
9.7,78.3,8.2,91.1,123,No,90.5
3.2,64.1,7.1,66.1,147,No,56.5
2.9,68.9,7.3,95.5,85,No,58.3
2.9,75.2,8.3,96.0,100,Yes,68.2
4.2,46.1,7.3,97.4,106,Yes,58.3
6.5,60.6,8.1,78.4,66,No,69.7
5.5,79.1,6.6,85.5,50,No,65.8
4.1,50.4,8.6,90.0,91,Yes,54.6
7.4,72.1,7.4,60.9,103,No,71.9
2.5,49.0,7.2,82.0,43,Yes,45.2
4.1,74.5,5.5,56.5,147,Yes,70.7
4.8,67.5,7.3,77.4,57,No,62.9
5.8,45.4,6.0,62.0,84,No,52.3
9.2,84.3,6.2,63.2,20,Yes,81.8
3.1,57.7,6.0,71.4,108,No,57.5
6.4,56.7,5.7,74.5,74,No,62.6
7.2,70.8,9.5,83.0,145,No,75.3
1.5,84.1,8.6,58.3,112,No,55.8
7.4,53.8,9.3,77.7,51,Yes,67.2
2.8,68.9,5.5,63.2,13,Yes,56.5
1.7,74.0,7.1,80.8,38,Yes,57.3
11.0,77.7,5.4,83.7,90,No,83.7
11.1,70.5,6.2,80.1,119,No,87.9
9.5,62.9,5.9,88.2,68,Yes,78.8
4.2,56.4,8.5,70.1,38,Yes,51.5
2.0,69.2,6.5,89.4,16,Yes,54.8
8.2,53.0,8.3,74.5,101,Yes,77.9
5.6,30.0,7.7,76.8,125,No,49.5
2.3,74.1,9.8,84.2,145,No,58.5
6.2,80.7,5.2,55.8,91,Yes,66.1
1.4,34.9,8.5,84.4,106,No,39.7
10.5,53.9,8.4,82.8,100,No,76.9
3.7,76.7,5.8,68.9,118,No,65.4
8.0,96.8,8.2,58.9,51,Yes,88.3
4.3,68.3,7.4,59.1,62,Yes,62.1
6.5,57.8,6.7,96.5,137,Yes,72.1
6.7,65.4,6.0,86.0,125,No,77.8
2.9,87.2,6.1,60.7,122,No,58.1
11.2,59.0,9.5,71.1,9,No,75.0
9.1,56.8,7.0,81.7,100,Yes,74.0
10.9,61.2,7.9,92.6,25,Yes,82.4
10.4,54.7,6.1,57.0,132,Yes,78.8
7.3,69.7,6.1,65.6,128,No,67.2
10.7,90.7,8.3,95.0,25,Yes,94.8
1.9,72.5,5.4,55.4,58,Yes,52.0
3.1,64.5,6.5,64.1,142,No,64.1
1.5,63.9,7.0,98.2,108,No,67.9
4.4,46.1,7.1,82.6,115,No,52.2
5.1,80.4,6.8,66.8,120,Yes,78.4
3.8,66.9,7.5,58.0,61,No,56.8
9.7,65.5,7.8,56.3,132,Yes,77.7
4.7,100.0,7.9,66.0,124,No,80.1
3.9,72.2,5.8,94.7,74,Yes,62.0
6.7,57.5,6.7,73.7,99,Yes,64.3
2.5,62.0,8.4,87.4,103,No,52.0
9.4,84.1,8.1,96.3,46,No,89.2
1.8,69.6,5.4,73.4,74,No,53.1
11.4,47.9,7.4,63.6,6,Yes,69.4
9.1,80.9,4.6,78.3,149,Yes,88.8
3.1,58.6,7.1,95.9,113,No,58.8
1.1,94.2,9.3,91.2,69,No,68.4
9.6,83.1,5.9,58.0,74,No,80.9
8.4,61.7,6.0,86.2,73,No,70.7
8.7,85.9,7.9,80.7,125,No,87.5
9.1,68.9,5.1,95.8,113,No,75.2
1.8,79.9,6.2,60.5,64,Yes,58.3
4.8,74.8,7.7,79.0,97,Yes,71.4
2.2,56.2,6.2,94.6,16,Yes,53.9
10.1,59.0,6.7,73.5,107,Yes,83.3
7.5,82.4,7.9,76.7,116,No,81.9
4.5,63.3,7.5,58.2,69,No,53.0
1.7,62.3,7.3,67.5,52,No,52.9
4.3,54.6,6.6,69.6,92,Yes,58.7
4.4,73.9,7.4,97.5,66,No,62.6
8.7,96.9,6.9,67.7,48,Yes,88.5
7.7,53.1,7.5,75.7,140,No,72.5
10.3,68.3,6.4,85.2,59,Yes,82.3
6.0,87.8,6.8,62.3,112,No,75.3
2.3,66.9,5.8,76.9,51,Yes,52.7
8.5,74.3,7.0,88.2,6,Yes,80.0
9.0,53.1,6.0,94.0,117,No,75.8
6.9,74.0,5.7,83.2,15,No,65.6
9.1,65.4,7.3,85.1,142,No,88.1
6.2,81.8,7.3,60.7,116,No,72.1
6.5,84.6,7.9,97.6,94,No,72.3
5.5,100.0,6.5,61.0,59,No,74.1
1.3,76.1,7.5,89.9,21,No,60.0
2.1,72.6,7.7,66.9,72,No,55.6
1.3,70.7,7.5,97.0,137,Yes,58.7
7.7,63.1,6.0,87.4,56,No,67.1
4.3,72.7,7.2,88.9,142,Yes,69.5
6.3,63.9,7.4,64.9,101,No,65.1
10.5,70.4,7.0,74.9,52,Yes,82.6
3.6,86.4,4.5,82.8,33,Yes,63.9
5.3,53.9,7.2,89.6,31,No,60.4
8.9,84.0,9.7,59.7,108,Yes,81.8
3.4,86.4,6.6,98.3,64,Yes,78.9
1.8,66.3,6.1,95.1,110,No,61.6
4.0,38.3,7.4,67.2,73,No,50.7
2.7,59.5,7.4,92.0,118,No,53.6
10.8,86.2,8.4,78.3,25,Yes,87.0
9.5,67.7,5.5,75.8,106,No,72.1
7.7,54.0,7.9,69.1,135,Yes,69.3
10.2,60.9,7.7,81.1,99,Yes,85.5
9.4,79.8,6.8,87.8,109,No,86.2
3.0,75.7,7.4,73.5,129,No,68.8
10.4,64.7,8.2,83.3,6,No,79.8
6.7,62.9,8.0,86.5,70,No,69.9
9.5,62.5,5.6,87.0,117,Yes,84.3
10.4,55.1,8.0,57.3,46,No,76.0
4.3,90.6,6.9,93.7,24,Yes,76.0
2.2,63.5,7.1,75.6,101,No,56.8
3.4,85.0,7.1,66.8,72,No,67.7
5.5,89.3,6.8,65.9,79,No,68.8
9.6,82.0,8.4,76.7,129,No,87.7
10.0,62.0,6.9,94.9,51,No,79.8
1.1,73.7,5.7,72.0,9,No,47.0
6.4,67.7,6.5,88.7,53,Yes,68.9
5.4,55.3,7.2,59.4,128,Yes,66.8
3.3,72.5,8.5,76.4,41,No,59.7
2.3,51.5,7.7,99.6,23,No,51.9
4.5,84.6,6.0,89.7,44,Yes,76.5
10.9,61.5,10.0,64.5,21,Yes,71.8
4.4,70.8,7.3,77.6,103,Yes,67.1
6.4,72.0,8.5,65.5,97,No,74.7
8.4,64.4,6.8,73.4,46,Yes,68.5
4.8,76.2,7.6,90.1,127,Yes,75.9
11.2,61.4,8.0,89.7,111,No,83.5
11.1,80.2,8.5,65.3,76,No,87.6
3.6,49.2,8.3,96.5,69,Yes,59.8
6.2,69.8,8.0,81.7,113,Yes,77.0
4.2,95.1,6.6,72.1,57,No,75.3
4.0,54.0,6.3,77.6,139,No,58.4
1.4,58.5,7.4,82.2,137,No,54.3
7.4,75.2,8.1,80.2,28,No,75.2
6.3,70.5,6.7,76.9,32,Yes,72.5
1.5,72.9,8.3,77.7,66,No,51.2
3.9,74.8,8.7,62.9,21,Yes,61.0
10.5,76.9,5.9,91.6,24,Yes,84.3
3.5,83.5,6.0,79.4,7,No,62.1
2.5,73.7,6.8,60.9,147,No,59.8
6.1,64.6,7.4,89.5,55,Yes,67.9
11.3,77.4,6.4,97.0,140,Yes,93.9
3.5,94.6,8.6,97.6,145,Yes,80.4
8.1,66.1,7.5,71.6,7,Yes,72.4
9.0,54.4,7.0,61.1,77,No,67.1
3.5,83.5,5.3,78.3,109,Yes,71.8
8.6,66.3,5.4,60.1,122,No,80.7
4.9,37.6,7.3,97.0,38,Yes,57.1
7.6,79.9,4.4,63.3,141,No,72.1
7.7,60.5,8.2,66.4,66,No,64.6
6.6,66.7,6.8,73.3,124,No,73.0
1.9,72.6,10.0,72.2,119,Yes,61.7
9.8,70.7,9.8,90.8,17,Yes,85.0
4.4,77.9,6.8,75.5,73,Yes,73.8
3.0,61.9,6.9,62.7,81,No,57.1
1.4,75.2,8.2,67.0,5,No,52.3
7.2,64.4,9.0,77.9,93,No,66.5
8.1,78.3,5.0,61.6,51,No,69.8
1.2,76.6,4.9,82.5,8,Yes,50.1
6.4,54.9,6.3,80.5,14,No,59.7
3.4,83.2,7.7,87.2,32,No,63.6
7.8,60.5,7.6,97.2,125,Yes,82.2
2.8,79.3,8.3,96.1,130,Yes,70.6
8.3,73.1,5.6,97.6,138,No,81.1
5.1,93.7,4.2,66.0,144,Yes,69.5
10.8,64.9,8.0,60.9,66,Yes,81.3
2.4,63.1,6.0,68.6,71,No,57.0
4.6,67.7,4.6,95.3,78,No,60.8
2.2,63.8,7.2,98.7,99,Yes,63.2
10.7,79.2,8.0,93.7,147,Yes,100.0
10.2,45.4,6.9,60.0,40,No,70.8
3.7,53.2,6.5,97.6,146,No,64.4
7.9,53.1,6.8,74.1,116,Yes,73.6
9.6,81.3,6.6,55.4,135,No,82.2
6.8,91.9,5.4,74.9,117,No,77.2
6.6,66.5,6.1,57.1,114,No,67.4
3.5,65.6,7.6,79.5,118,Yes,65.4
2.0,69.0,7.4,70.2,71,Yes,54.1
10.4,84.3,7.2,76.3,130,No,94.6
10.5,55.0,5.8,82.6,90,Yes,77.6
7.6,71.3,6.8,94.1,23,No,78.4
4.6,81.7,4.4,84.8,73,Yes,65.3
4.7,75.0,7.2,74.5,14,Yes,64.7
8.6,70.7,8.7,91.9,145,Yes,82.2
10.4,82.0,5.2,95.8,132,Yes,89.7
10.3,30.2,6.3,60.4,103,No,68.1
9.2,77.5,7.4,78.9,36,Yes,83.4
7.7,58.8,8.5,67.8,116,No,71.3
1.9,42.4,6.5,57.1,28,No,43.5
2.7,75.2,6.2,85.1,39,Yes,56.6
10.4,87.2,4.6,93.8,87,No,89.6
7.4,66.1,7.1,62.3,74,Yes,65.7
1.1,81.3,9.5,91.6,113,No,59.1
2.1,90.6,7.3,93.4,103,No,66.5
8.0,86.4,7.0,96.1,37,Yes,88.4
1.1,91.0,7.4,66.9,60,Yes,55.6
2.7,78.4,7.0,95.7,16,No,61.5
6.8,69.1,6.0,69.4,15,No,60.6
8.3,45.6,8.0,79.9,74,Yes,65.5
7.8,64.6,7.3,57.3,144,No,70.8
3.4,56.2,7.0,57.0,45,Yes,56.5
8.5,98.4,5.8,87.4,110,No,89.5
3.5,65.5,8.6,75.0,7,Yes,62.4
4.4,69.7,7.8,66.5,7,No,65.0
8.8,75.7,6.3,63.6,88,Yes,87.0
7.8,68.6,8.2,85.1,111,No,77.4
9.9,91.7,6.4,55.0,138,No,90.2
7.9,59.3,6.1,91.3,24,No,70.0
7.0,70.7,6.1,58.6,143,No,70.7
2.0,57.6,4.9,63.6,100,No,46.9
4.9,49.5,7.6,72.4,128,No,56.4
3.8,59.4,4.8,76.8,25,No,42.7
3.6,67.5,5.5,71.0,118,No,61.7
11.2,62.0,4.5,69.4,17,No,68.8
5.1,58.3,6.9,98.4,90,No,62.7
10.4,48.3,6.8,83.9,39,Yes,71.6
7.6,66.8,6.6,56.1,51,No,72.4
9.3,46.9,5.7,74.4,129,Yes,73.7
6.3,78.6,5.6,94.4,114,No,71.2
7.1,69.2,7.6,68.6,41,No,64.7
6.2,47.6,6.3,59.3,25,No,52.2
3.1,63.7,7.4,89.1,18,Yes,60.1
8.6,57.5,5.9,82.3,95,Yes,71.5
3.9,72.5,7.2,80.7,64,No,63.2
1.3,86.8,8.6,57.4,128,Yes,62.9
7.8,41.7,7.7,61.3,27,No,57.8
2.9,69.6,6.5,83.0,115,No,53.9
10.9,65.8,7.3,64.4,128,No,84.4
11.0,77.4,6.7,77.7,34,Yes,81.1
10.6,71.0,7.0,79.5,119,No,85.9
4.9,57.5,6.6,67.8,94,Yes,59.8
1.2,63.5,6.8,97.7,42,No,49.3
10.7,56.9,7.3,92.9,87,Yes,86.9
5.5,83.1,5.8,87.5,31,No,66.3
11.1,68.3,5.8,58.5,108,Yes,81.0
11.1,94.6,5.3,59.8,120,No,94.3
10.0,67.2,5.1,77.2,19,Yes,72.7
4.1,58.1,5.5,62.2,7,No,45.9
5.0,46.8,7.2,99.0,14,No,55.8
9.9,42.8,5.9,62.1,124,Yes,72.1
4.3,45.8,7.6,76.9,149,No,63.4
2.8,71.7,7.0,71.4,132,No,59.1
6.8,75.1,4.6,83.8,15,Yes,63.9
10.8,45.9,7.8,60.8,137,Yes,75.9
8.3,80.5,8.0,74.4,73,Yes,82.9
7.0,61.2,5.8,67.4,68,Yes,63.6
2.0,70.1,7.5,94.9,18,Yes,61.2
7.5,90.6,6.0,56.8,54,Yes,74.8
11.4,80.6,7.1,96.1,76,No,87.3
2.5,64.2,5.5,92.5,73,No,57.4
6.4,55.5,4.8,68.4,139,Yes,65.2
10.2,37.9,6.5,90.5,131,No,77.5
8.8,57.9,6.9,56.4,20,No,58.7
8.3,65.0,6.5,98.5,82,Yes,77.6
8.4,54.2,5.6,78.7,105,Yes,70.5
4.8,66.2,6.5,68.6,60,No,67.0
4.1,69.1,7.3,71.3,109,No,63.5
9.5,64.9,6.9,58.0,136,Yes,75.3
9.5,58.9,7.2,99.5,52,No,79.2
10.1,70.4,6.2,56.8,21,No,78.6
10.6,74.2,8.4,84.5,115,Yes,94.3
6.4,52.7,5.6,74.9,74,No,62.0
6.3,87.8,7.6,97.7,84,No,82.9
9.4,66.6,8.4,66.1,97,No,69.2
7.8,68.3,7.6,78.9,42,No,72.7
8.4,77.9,6.8,76.7,105,Yes,84.1
9.4,71.3,6.4,86.6,66,No,80.1
10.3,81.3,8.2,58.1,125,Yes,91.1
4.5,72.0,5.3,63.7,52,Yes,59.3
4.9,59.4,5.8,64.7,14,Yes,54.0
2.0,73.1,6.5,88.2,40,Yes,63.0
7.1,52.0,8.5,63.5,8,Yes,58.5
1.4,69.5,7.5,80.8,48,Yes,56.2
5.9,67.5,5.8,64.7,60,Yes,67.7
6.7,65.1,6.6,93.8,46,No,66.6
4.0,66.2,6.3,97.4,118,Yes,64.7
7.2,41.7,6.1,78.3,145,No,68.8
1.3,60.3,8.2,70.9,25,Yes,46.2
1.4,69.3,5.4,65.5,83,Yes,54.1
9.6,70.2,8.9,57.2,73,Yes,71.1
4.8,53.6,8.0,67.1,74,Yes,49.9
2.3,85.7,8.3,84.4,71,No,66.3
6.5,55.9,6.4,79.0,52,Yes,64.6
9.1,81.6,6.8,97.5,40,No,86.3
3.3,74.0,5.3,72.8,31,No,62.0
7.5,59.0,6.4,86.2,76,Yes,67.8
1.9,92.9,7.6,77.0,105,No,68.2
1.5,51.3,8.6,78.1,100,Yes,55.5
6.6,80.9,5.7,67.0,132,No,71.0
6.7,82.0,6.6,75.5,30,No,70.9
7.7,58.6,6.8,76.2,70,Yes,64.8
8.6,87.5,5.3,86.8,144,Yes,96.6
11.2,64.5,7.7,97.3,26,Yes,78.1
6.4,72.0,6.1,69.8,21,Yes,70.1
4.4,71.6,6.8,56.9,11,No,52.6
9.3,66.1,6.5,77.3,111,Yes,77.7
3.8,79.4,6.1,79.5,72,Yes,70.9
5.6,79.1,7.0,62.6,132,No,70.0
1.8,43.5,6.7,89.2,41,No,47.1
1.3,86.3,6.6,99.3,42,Yes,69.9
11.1,44.7,6.1,97.6,100,No,78.9
9.8,82.5,7.4,63.9,143,No,91.2
8.3,83.8,9.0,94.4,5,No,79.7
5.3,52.7,7.2,86.7,46,No,60.3
2.8,62.2,8.2,75.4,67,No,52.8
2.6,52.5,5.3,79.3,85,Yes,57.4
3.6,65.0,7.2,93.2,12,No,61.5
6.8,63.7,5.7,76.6,31,No,65.7
8.5,78.9,5.2,71.8,56,No,77.2
7.9,86.3,6.1,77.2,95,Yes,81.4
3.9,87.5,8.4,81.1,90,Yes,76.4
11.0,60.1,8.1,63.5,20,No,80.1
8.7,65.1,7.3,95.5,70,Yes,75.8
6.8,44.4,5.2,85.3,9,Yes,58.3
7.4,56.7,6.8,83.5,86,Yes,71.8
5.4,81.5,7.4,59.5,135,No,71.0
3.6,90.6,7.2,82.2,122,Yes,72.4
4.7,50.7,4.8,60.4,85,Yes,54.7
9.0,59.7,5.9,58.5,74,No,69.6
1.2,67.6,6.9,78.7,119,Yes,57.4
2.2,71.9,7.6,73.1,11,No,55.7
1.5,56.7,4.4,81.5,54,No,41.2
1.4,73.9,6.8,59.0,146,No,54.9
10.0,61.4,7.2,74.4,115,No,80.5
8.4,67.8,8.0,62.9,51,No,71.6
6.0,75.6,7.8,99.4,116,Yes,73.9
2.0,68.1,7.7,80.3,47,Yes,54.8
6.2,61.9,6.0,85.9,95,No,63.2
6.0,66.5,4.7,69.6,33,Yes,54.0
2.8,66.8,6.5,59.3,132,No,59.2
5.6,62.8,8.2,98.9,137,No,70.0
5.2,64.4,8.7,67.9,100,Yes,68.9
7.5,90.4,7.9,74.1,121,No,78.3
7.7,75.9,7.5,84.2,74,Yes,79.3
1.5,63.9,7.5,56.1,134,No,50.5
4.9,77.8,6.3,91.5,74,Yes,67.1
7.6,63.3,6.8,79.1,114,No,73.8
6.3,84.4,9.0,67.5,136,No,71.3
10.0,73.2,5.9,57.8,60,No,77.5
7.9,66.5,8.9,62.3,93,No,73.2
2.7,74.3,6.6,95.3,141,No,68.5
1.7,46.0,8.6,85.9,135,Yes,53.6
7.7,52.2,5.3,66.2,104,No,66.7
1.3,51.3,7.7,58.0,133,No,46.9
7.2,70.0,6.1,86.1,61,No,69.4
10.9,92.3,5.3,80.8,148,No,93.0
7.0,99.2,7.3,73.2,55,Yes,82.8
5.1,76.9,8.2,71.4,116,Yes,68.9
7.8,75.0,6.0,64.8,108,Yes,79.8
5.8,42.8,5.2,85.1,131,No,59.7
6.7,60.4,6.9,98.7,59,Yes,66.3
10.9,57.0,6.9,62.9,5,No,69.2
5.1,59.3,7.7,81.9,94,Yes,62.2
11.1,65.6,8.1,74.1,57,Yes,84.5
10.5,61.4,6.9,75.1,77,Yes,85.0
3.1,40.3,9.2,66.4,112,Yes,49.5
1.7,78.5,7.3,92.1,12,No,56.1
2.1,53.0,6.6,76.8,46,Yes,48.6
1.2,71.3,5.1,79.5,29,Yes,45.2
2.0,97.0,6.7,68.7,42,Yes,61.7
8.2,55.1,6.6,63.2,89,No,70.6
1.7,32.6,8.2,58.9,28,No,38.9
4.3,64.0,7.6,87.1,64,Yes,62.2
9.9,83.4,5.6,63.8,115,No,84.4
1.2,95.4,7.2,86.1,70,Yes,70.9
9.6,50.8,7.8,72.6,146,Yes,72.0
4.0,75.0,8.8,73.7,57,No,58.6
2.2,61.5,8.1,76.1,110,Yes,64.6
8.3,66.5,7.9,71.5,100,No,72.0
7.6,100.0,7.1,59.5,43,Yes,82.5
10.2,47.0,7.5,68.9,46,No,67.4
8.7,71.6,8.5,84.9,115,Yes,76.4
9.4,74.5,5.4,85.0,108,No,82.0
4.0,83.2,6.6,67.9,81,No,66.7
2.9,69.4,6.1,75.7,12,Yes,56.5
8.9,72.3,7.5,63.7,30,No,73.9
9.5,62.5,8.5,64.5,144,Yes,78.5
11.4,71.8,6.3,56.0,47,No,78.4
5.3,63.2,4.1,95.4,114,Yes,61.0
4.9,76.7,6.5,64.5,104,Yes,66.0
9.2,62.8,8.1,65.2,67,No,70.4
4.6,73.3,7.6,67.6,53,Yes,62.0
10.8,67.6,7.5,60.7,119,No,84.9
10.0,83.8,6.7,83.8,141,Yes,95.3
5.5,67.3,5.5,58.4,69,Yes,61.9
8.9,43.2,7.6,61.0,75,No,71.0
8.9,85.7,6.0,84.0,11,No,77.3
2.1,55.3,9.6,70.3,84,Yes,52.8
10.5,58.8,7.7,86.9,71,Yes,81.2
6.3,59.7,6.3,80.1,142,Yes,71.9
9.7,87.2,6.3,66.5,105,Yes,91.2
4.4,38.1,6.9,84.3,99,Yes,53.8
10.4,100.0,6.7,60.2,91,Yes,91.3
5.1,82.8,8.3,79.1,95,No,69.9
1.1,71.1,7.2,74.7,107,No,48.7
10.5,67.2,6.1,67.1,130,Yes,86.2
2.0,72.0,9.3,82.2,117,Yes,62.7
4.4,75.3,7.1,94.2,8,Yes,73.1
11.0,77.0,7.9,100.0,92,No,94.3
11.0,75.8,6.3,82.3,7,No,85.3
7.0,69.3,7.4,73.2,95,No,72.4
7.6,65.2,7.4,65.1,7,No,67.7
5.7,65.9,4.7,66.6,85,No,63.0
4.1,65.3,9.4,76.6,142,Yes,65.2
4.5,83.9,8.5,71.5,98,Yes,70.3
8.1,76.3,6.5,96.1,130,No,83.7
8.9,30.0,5.7,71.6,117,Yes,65.1
9.3,77.2,7.4,71.8,104,No,81.7
9.3,70.7,7.1,72.3,57,No,80.9
2.0,67.7,7.4,92.6,91,No,66.4
6.2,62.6,7.2,84.3,93,Yes,74.3
1.6,83.7,7.6,82.6,58,No,64.1
6.8,81.3,8.7,70.0,24,No,72.3
5.6,57.2,7.7,91.8,117,No,65.2
10.3,73.7,5.7,56.7,53,No,73.6
4.7,54.4,8.6,94.2,139,No,61.7
2.2,48.7,9.0,78.1,33,Yes,48.5
2.5,59.2,10.0,72.9,52,Yes,47.5
9.0,80.1,5.7,77.4,17,Yes,78.8
7.5,81.3,7.3,85.0,7,Yes,79.5
2.1,75.2,4.5,55.6,6,No,41.3
1.9,78.2,7.7,94.2,20,No,58.1
8.4,75.2,6.3,75.1,98,Yes,82.0
1.8,59.0,9.3,70.4,106,Yes,50.8
9.6,74.0,6.1,61.2,138,Yes,82.9
8.4,79.2,5.0,74.8,49,No,70.1
1.9,78.6,6.4,77.3,75,Yes,60.7
1.9,84.6,4.6,73.2,137,Yes,66.9
11.4,77.9,7.9,85.5,60,Yes,90.4
4.9,72.9,4.5,73.9,131,Yes,60.8
4.9,83.0,7.0,98.3,36,No,76.1
9.5,67.6,4.5,82.0,53,Yes,75.4
10.9,55.7,6.6,91.3,17,Yes,79.7
11.4,65.7,9.0,59.9,29,Yes,74.0
8.9,57.6,7.4,72.9,64,No,67.6
5.0,58.5,6.0,70.2,63,No,52.3
1.9,66.0,7.0,80.6,62,Yes,58.1
9.2,56.9,7.0,93.8,24,Yes,79.1
6.9,63.7,7.6,58.5,137,No,71.5
5.5,41.5,5.4,58.3,61,Yes,56.9
10.5,71.0,7.7,93.3,58,No,84.1
2.2,68.0,4.0,64.6,116,Yes,48.0
6.2,56.6,6.2,85.1,90,Yes,67.7
1.1,77.2,6.4,79.4,41,No,53.8
5.9,81.1,7.8,92.5,88,No,79.0
1.6,45.5,7.0,60.6,52,No,38.7
2.2,57.3,5.3,60.8,122,Yes,45.4
2.2,57.2,5.8,80.1,52,No,42.8
7.8,54.8,7.2,97.6,116,No,76.3
8.8,79.6,6.9,73.7,114,No,81.7
7.1,65.3,6.3,69.7,10,No,60.3
11.1,64.3,6.4,82.3,82,Yes,83.0
4.9,39.9,7.8,96.9,27,No,60.8
4.0,76.9,6.4,92.7,130,No,67.3
10.1,50.7,6.9,99.8,88,Yes,83.1
3.3,68.8,9.6,56.0,17,No,51.2
11.1,71.9,5.3,60.1,51,Yes,84.3
1.1,87.0,4.8,82.4,48,Yes,56.4
11.2,49.7,7.9,91.9,109,No,76.1
1.5,30.0,6.2,67.8,18,Yes,37.7
10.4,70.6,6.6,65.8,125,Yes,84.7
6.5,93.2,6.1,90.4,40,No,83.9
11.4,85.3,6.7,57.5,12,No,87.6
1.8,70.9,8.9,71.6,20,No,54.4
6.8,61.1,8.0,77.8,95,No,77.5
11.2,79.3,8.0,80.2,124,Yes,95.7
6.5,54.4,5.3,87.8,64,No,66.8
7.6,74.7,5.6,71.0,14,No,67.2
8.3,75.1,4.0,82.6,35,Yes,71.3
5.8,82.8,6.0,81.3,25,No,68.3
7.6,100.0,8.1,79.6,85,Yes,91.4
7.1,73.5,7.6,83.8,37,Yes,76.5
10.5,60.9,6.7,66.7,35,No,67.5
1.5,67.6,7.0,58.8,40,No,46.7
4.0,43.2,6.2,60.4,136,Yes,54.0
11.0,58.3,7.2,65.1,72,Yes,71.7
10.3,62.3,7.9,77.5,94,No,80.2
5.8,60.7,5.1,92.8,136,Yes,72.3
7.5,70.1,7.4,86.6,13,Yes,78.6
3.9,56.5,8.1,90.5,34,No,54.1
3.0,83.7,6.5,70.8,119,No,71.3
5.9,68.0,7.8,73.2,49,No,70.1
4.7,67.9,10.0,72.7,8,No,47.1
7.1,63.4,6.9,63.6,73,No,67.6
1.8,70.2,7.5,57.8,27,No,50.9
11.2,79.6,6.1,81.6,20,Yes,92.8
11.4,55.9,7.2,99.5,26,No,82.2
8.3,58.8,7.6,62.5,76,Yes,76.1
6.6,63.7,7.2,57.1,52,Yes,62.8
4.3,49.2,5.8,90.1,111,Yes,54.0
9.5,56.5,7.2,66.4,137,No,74.0
8.2,61.3,8.8,92.3,11,Yes,77.6
2.7,80.2,7.5,86.7,55,Yes,69.2
10.6,71.7,8.2,97.6,69,No,95.4
9.6,70.7,6.7,73.4,13,No,70.9
11.0,79.9,7.9,84.8,86,No,94.6
8.6,66.1,7.3,75.9,49,Yes,78.6
7.4,73.5,5.9,83.4,126,Yes,78.3
5.4,66.6,7.4,75.2,14,No,64.8
10.8,71.7,5.8,63.5,77,Yes,82.8
10.1,59.8,6.2,77.9,52,No,76.8
1.5,33.9,7.2,78.8,91,Yes,45.8
1.3,66.1,7.4,91.5,115,No,61.6
5.0,87.9,5.6,88.1,20,No,69.9
9.5,81.0,8.3,84.9,57,Yes,92.9
11.4,81.5,7.7,60.1,44,No,85.2
2.6,85.3,6.2,87.4,104,Yes,76.1
7.2,69.2,5.2,77.5,24,Yes,63.6
5.0,70.8,6.8,95.2,73,No,65.9
11.2,59.4,6.5,96.4,49,Yes,80.9
9.8,63.6,7.1,57.5,10,Yes,76.3
9.8,76.6,6.6,91.9,43,Yes,83.2
5.9,84.9,4.6,56.7,106,Yes,74.0
5.4,66.0,6.5,71.5,134,Yes,67.7
3.9,61.7,6.6,79.4,111,No,62.7
1.6,68.0,7.8,61.7,43,No,52.4
10.1,76.4,6.2,88.6,122,Yes,86.8
9.5,47.8,9.0,55.4,86,Yes,63.0
11.5,35.9,4.7,62.6,58,No,63.2
11.5,60.3,8.6,81.1,114,No,83.5
6.8,50.9,6.7,87.1,16,No,63.3
9.1,60.9,8.0,96.2,114,No,76.0
10.9,65.9,7.1,86.7,42,No,81.2
9.9,61.7,8.4,85.2,147,Yes,84.5
3.6,88.3,6.5,72.7,11,Yes,57.7
5.7,72.6,5.7,55.1,82,Yes,68.9
2.4,72.2,8.7,60.4,69,No,52.0
11.0,76.7,6.9,79.1,106,No,94.9
7.4,52.1,7.3,85.4,105,No,67.0
3.4,82.5,8.5,73.8,48,Yes,63.7
8.1,66.9,5.8,87.9,35,No,67.5
7.5,77.4,7.7,78.5,81,No,81.7
4.8,53.0,6.3,58.3,52,No,54.2
2.2,46.2,6.8,63.6,86,Yes,52.3
8.1,79.5,7.1,92.8,131,No,85.2
6.5,73.3,5.2,87.6,88,Yes,72.6
9.1,55.4,6.1,95.3,14,No,65.0
6.5,55.8,8.6,60.3,33,No,56.3
9.9,83.8,8.1,99.6,52,Yes,92.2
6.8,51.3,6.9,64.4,120,No,65.5
6.9,91.0,7.3,55.5,17,Yes,82.0
10.2,55.4,6.6,99.9,51,No,71.8
5.2,76.9,8.6,67.6,107,Yes,71.8
2.4,63.4,6.8,85.1,95,No,56.4
1.3,76.4,7.3,63.0,57,No,54.1
8.9,60.4,8.4,81.1,96,Yes,78.0
7.5,65.7,6.1,95.7,81,No,73.7
8.4,68.6,8.9,69.4,48,No,67.7
3.2,54.0,5.2,85.2,6,Yes,44.4
2.4,78.4,9.0,63.5,105,No,58.4
1.2,60.8,6.6,83.1,61,No,45.3
4.7,64.8,6.7,70.1,61,No,60.2
7.2,54.1,4.7,64.5,38,No,54.8
5.1,32.1,6.5,69.1,62,No,39.1
5.6,65.3,5.8,63.0,39,No,65.9
10.5,100.0,6.3,95.6,79,No,98.6
4.7,79.0,6.8,72.9,37,No,57.2
6.4,67.7,8.1,66.0,119,Yes,72.9
9.2,64.3,7.2,75.2,79,Yes,78.0
5.2,68.3,7.4,69.4,77,No,60.3
7.5,75.7,5.7,88.5,82,No,77.4
10.1,51.5,5.9,98.7,13,No,69.1
11.0,83.6,9.2,74.7,52,Yes,89.1
2.5,78.0,6.1,93.7,71,No,60.6
10.7,78.1,9.0,80.5,123,Yes,87.9
6.2,74.1,6.7,62.1,137,No,72.2
3.7,68.3,7.0,86.1,123,Yes,62.2
5.8,77.4,8.3,78.1,90,Yes,74.1
11.3,76.3,8.5,84.3,110,No,93.4
6.2,63.0,6.9,95.0,80,No,74.7
4.5,60.0,6.5,74.8,44,Yes,63.3
7.7,69.4,6.9,95.6,23,Yes,81.1
3.5,89.7,7.4,88.8,51,Yes,71.0
1.8,50.7,8.1,77.0,69,Yes,46.0
2.4,47.5,7.0,82.1,34,Yes,51.9
2.3,70.3,7.7,69.7,130,No,58.2
2.6,68.7,9.0,99.3,70,No,60.2
2.5,70.4,7.5,85.0,9,Yes,60.8
7.7,71.4,7.4,57.0,97,No,80.0
2.9,64.9,5.2,69.7,101,Yes,57.5
4.6,88.9,4.0,83.0,98,Yes,68.3
10.4,45.6,7.5,57.5,110,Yes,69.4
6.0,56.4,6.9,56.1,137,No,67.4
8.0,66.6,6.4,75.3,89,Yes,77.1
2.8,45.0,7.3,70.0,62,Yes,47.7
3.0,65.5,6.9,74.7,83,Yes,58.4
1.4,91.3,8.4,66.8,12,Yes,58.4
2.8,68.3,7.1,62.4,16,Yes,54.6
3.9,71.2,6.1,86.0,98,No,59.7
2.9,50.4,8.2,78.2,95,No,56.8
1.9,59.4,6.7,64.0,37,No,50.7
2.3,62.7,7.6,69.4,104,Yes,56.6
5.8,63.6,6.4,81.6,19,Yes,63.1
3.2,85.9,6.2,58.3,118,Yes,67.1
4.8,75.8,7.1,61.6,133,Yes,71.2
6.3,52.4,7.0,58.3,15,No,54.7
8.2,71.5,7.6,91.6,59,Yes,84.0
1.4,75.0,6.7,88.9,6,Yes,51.7
9.4,84.0,4.8,88.9,69,No,79.2
7.6,90.1,6.5,87.2,20,Yes,85.2
1.9,53.8,8.0,85.1,110,No,54.3
10.2,56.6,6.6,76.5,34,Yes,73.2
10.7,50.4,6.7,83.9,14,No,74.2
1.6,64.7,8.2,56.7,66,Yes,48.1
3.9,74.5,6.1,83.0,89,No,64.0
9.5,81.8,5.1,90.0,138,Yes,92.3
8.9,66.9,6.8,77.5,71,No,79.8
2.9,63.5,6.4,71.1,45,Yes,56.2
3.2,70.1,5.8,67.5,22,No,49.8
4.9,56.3,6.8,83.9,62,Yes,60.9
6.1,97.3,7.6,86.2,64,Yes,84.5
7.5,45.5,7.0,94.2,92,No,72.7
4.9,70.6,7.4,70.4,31,No,56.1
5.9,96.3,9.2,89.6,72,Yes,78.8
8.8,68.1,6.6,80.3,26,No,78.2
1.4,65.3,7.3,94.7,44,Yes,61.2
3.7,63.0,6.4,78.8,113,No,60.7
8.5,65.5,6.0,78.3,78,No,79.2
10.4,87.2,6.3,81.0,70,No,86.9
6.4,37.0,6.4,88.7,10,No,48.7
6.6,89.5,7.4,98.4,116,No,88.5
2.1,48.1,9.8,58.3,22,Yes,43.8
5.7,64.3,6.1,57.4,85,No,66.0
6.6,62.0,6.5,97.2,106,Yes,71.5
3.5,76.2,6.9,78.8,114,No,67.3
3.8,45.6,7.5,82.7,34,No,53.8
5.0,74.5,7.3,76.7,126,Yes,74.2
1.2,96.3,8.5,59.2,66,No,66.0
4.4,48.9,4.1,89.6,142,No,51.2
3.2,70.7,4.1,88.6,124,No,56.5
4.4,58.7,6.4,69.0,111,Yes,62.2
2.3,74.0,8.3,68.8,145,Yes,66.7
10.4,68.3,5.1,92.7,80,No,80.1
7.2,59.0,4.0,58.3,13,Yes,56.8
8.1,74.8,7.7,94.6,43,Yes,86.7
9.3,93.3,7.3,66.5,28,No,82.8
6.2,65.3,5.7,81.7,129,Yes,70.9
1.9,78.1,5.8,97.1,122,No,67.6
6.6,49.9,5.8,85.5,38,No,66.5
7.2,54.6,7.1,73.6,65,No,67.5
8.8,74.6,6.2,86.0,137,Yes,83.2
5.5,88.8,7.6,70.5,83,Yes,77.7
2.3,73.0,4.0,67.5,54,Yes,51.7
4.0,63.6,6.0,99.9,136,No,63.6
4.8,68.0,5.6,88.8,55,Yes,61.1
7.8,50.5,6.7,84.0,56,No,65.2
7.0,76.5,6.4,71.0,126,No,78.5
4.7,80.4,8.0,57.2,12,No,57.4
11.4,61.7,4.8,56.4,117,Yes,75.2
7.4,61.4,7.1,79.9,49,Yes,71.9
3.5,71.7,7.7,89.3,92,No,69.3
2.1,61.9,9.2,79.2,32,Yes,52.4
2.6,67.1,6.4,92.8,123,Yes,65.7
3.6,97.4,7.4,56.5,111,Yes,77.4
2.7,64.5,4.8,71.5,31,No,52.9
3.0,63.0,4.1,65.7,85,No,51.6
4.0,58.9,8.0,75.1,105,No,52.6
2.8,78.4,7.0,58.3,66,No,59.2
10.4,65.5,8.4,97.9,66,Yes,88.9
1.8,58.9,5.4,65.0,30,No,49.2
6.5,86.5,7.6,96.5,125,Yes,88.6
5.3,87.9,9.2,74.2,28,No,66.1
11.3,59.6,7.5,99.3,43,Yes,83.0
2.2,41.9,7.3,79.9,128,Yes,49.0
5.2,82.1,7.0,96.9,25,No,73.4
11.2,58.4,5.1,55.2,98,Yes,73.8
10.1,79.1,8.6,88.7,119,No,79.0
9.6,40.4,6.3,95.6,125,Yes,71.2
3.7,80.5,7.6,61.3,17,Yes,60.8
2.8,51.0,5.1,59.3,135,No,42.5
8.0,78.2,5.6,74.1,23,No,68.2
10.8,68.2,8.7,97.0,146,Yes,99.4
6.8,54.6,6.6,79.4,85,No,65.7
7.0,62.3,8.7,78.7,127,Yes,72.1
3.9,77.6,6.9,61.4,72,Yes,67.1
9.1,69.5,4.8,55.0,23,Yes,71.9
3.0,76.2,8.1,91.5,68,No,72.4
4.4,95.7,6.3,58.9,105,No,78.6
5.5,46.1,7.8,83.5,70,Yes,62.1
6.3,90.6,7.0,96.2,70,No,76.5
3.5,69.5,5.1,64.4,79,No,51.3
2.2,55.4,7.2,84.9,49,Yes,51.8
7.4,49.4,9.6,58.5,91,No,60.9
4.0,65.4,7.6,82.2,71,Yes,64.2
7.1,80.9,6.9,62.4,7,No,65.2
2.6,66.2,8.3,88.1,28,No,50.1
6.1,89.2,7.3,68.6,92,Yes,80.1
6.6,47.7,7.3,75.9,21,Yes,60.8
1.5,67.8,5.7,82.0,44,No,50.2
4.5,50.5,7.3,62.7,10,No,51.7
2.4,73.1,8.2,88.4,123,No,68.4
1.7,80.4,6.0,68.6,124,Yes,63.1
11.4,62.1,8.7,84.8,39,Yes,79.6
4.4,31.5,6.9,62.1,117,Yes,56.5
9.5,70.8,5.9,86.0,33,Yes,79.0
3.7,74.1,8.2,60.8,11,No,57.0
8.2,73.7,6.7,74.1,57,No,73.3
9.0,85.3,7.9,66.1,27,No,76.4
7.3,53.0,6.6,88.7,101,Yes,67.8
6.0,77.5,6.9,66.8,140,No,70.0
5.3,84.7,7.6,94.7,80,No,66.3
4.7,43.1,7.3,95.1,14,No,53.1
10.8,72.5,4.6,63.8,121,No,82.8
9.7,60.9,5.7,82.6,28,No,69.2
11.1,66.9,8.1,58.9,43,No,87.4
2.3,72.9,6.8,72.6,70,Yes,64.5
8.7,61.2,6.4,87.1,10,Yes,72.9
10.9,58.5,5.4,84.7,25,No,70.7
2.9,68.5,5.7,83.1,77,No,52.2
1.7,52.8,4.6,67.7,78,Yes,42.2
8.8,52.8,6.9,72.0,40,No,67.8
7.0,77.5,6.3,59.6,135,No,74.2
9.8,51.9,5.8,87.4,48,No,75.2
2.5,77.3,6.9,77.7,95,Yes,69.9
9.4,74.5,7.4,86.9,64,No,84.6
3.1,43.8,9.5,66.2,97,No,47.4
2.7,58.5,5.2,69.6,87,Yes,50.4
2.7,84.7,8.4,70.0,87,Yes,66.1
9.6,54.3,8.2,56.2,81,No,71.6
8.0,61.5,6.1,70.3,30,No,65.4
6.5,74.5,7.2,91.1,25,No,74.6
4.8,79.0,6.5,95.4,124,No,71.2
10.2,64.5,7.2,78.3,134,Yes,83.2
5.1,59.6,8.8,75.5,112,No,59.1
9.6,87.9,7.7,56.4,31,Yes,81.3
5.6,92.3,7.6,94.6,75,Yes,81.6
5.0,81.7,6.5,55.6,54,Yes,70.9
5.9,69.2,5.2,97.5,99,Yes,71.8
4.2,56.7,6.7,77.0,27,No,50.3
8.8,56.4,8.4,70.4,145,No,69.8
6.3,75.3,5.2,96.6,85,No,71.0
3.4,73.9,5.7,56.1,136,Yes,65.2
10.4,87.6,7.2,81.2,146,No,100.0
5.0,77.1,5.8,79.7,24,No,58.8
6.7,47.0,6.0,64.9,128,No,62.4
10.5,82.7,6.5,74.3,17,No,82.5
7.6,54.0,5.4,84.4,7,Yes,62.2
2.2,62.6,5.8,87.7,135,Yes,56.0
10.9,71.5,7.8,55.0,133,Yes,85.9
7.6,95.9,5.4,97.2,94,No,82.6
4.5,100.0,5.1,62.4,39,No,67.0
2.5,76.5,6.2,65.5,18,Yes,60.4
9.3,65.4,7.9,66.9,145,Yes,84.1
7.5,75.5,6.8,56.7,54,Yes,79.7
6.6,80.4,6.4,60.5,82,No,73.9
10.4,63.5,7.1,99.4,7,Yes,82.7
9.3,93.1,4.9,69.2,44,Yes,84.6
2.6,71.2,7.6,60.2,55,Yes,54.4
4.3,75.0,7.5,59.8,5,No,51.6
3.6,77.3,6.5,87.4,108,No,70.8
8.8,73.9,8.2,93.5,139,No,79.8
1.4,79.7,5.6,66.6,121,Yes,63.1
7.0,59.4,8.4,55.9,120,No,68.9
9.0,60.2,7.2,65.0,56,Yes,70.2
10.2,52.6,6.6,57.5,124,Yes,74.3
4.6,74.2,7.0,59.7,143,No,67.5
9.6,78.9,6.9,74.4,146,Yes,86.5
2.2,74.4,8.5,65.3,90,No,59.3
9.9,91.4,5.7,78.2,50,Yes,90.8
2.3,67.9,6.1,66.4,80,Yes,50.8
5.2,77.4,8.2,97.3,14,No,66.7
9.4,52.7,6.3,95.8,65,No,74.1
2.6,62.6,8.1,80.5,22,No,56.9
3.4,77.7,9.0,70.9,90,No,64.8
8.6,79.9,6.5,72.2,141,No,75.7
8.6,63.9,7.8,73.5,149,No,77.6
7.7,67.0,5.6,87.7,132,No,77.5
8.3,46.7,7.9,75.3,108,Yes,67.5
6.7,63.0,7.2,93.6,145,Yes,74.6
3.6,80.5,7.6,97.5,105,No,69.2
4.6,76.1,6.2,70.1,10,Yes,62.0
2.9,75.0,5.0,80.2,89,Yes,56.8
10.5,68.7,7.6,59.3,55,Yes,82.7
7.1,68.1,4.5,64.0,40,Yes,59.3
5.2,58.8,6.6,73.6,75,Yes,59.3
5.9,77.8,8.1,64.3,104,Yes,72.1
10.9,73.9,7.2,94.4,29,Yes,93.7
2.6,74.9,9.3,62.1,143,Yes,63.5
7.2,60.6,8.2,75.5,48,No,68.9
6.3,37.9,6.2,82.3,18,Yes,56.0
7.4,83.4,7.0,86.1,33,No,74.9
1.2,61.3,6.9,72.2,78,No,47.6
10.2,55.9,5.1,94.1,54,No,70.8
10.8,77.7,5.9,80.6,9,No,85.9
6.9,62.5,6.3,74.8,114,Yes,72.8
8.3,82.8,4.6,58.0,126,Yes,70.9
10.7,76.6,7.1,75.9,92,No,92.5
8.4,77.6,6.7,91.9,61,Yes,82.2
2.6,48.9,5.0,82.7,30,No,45.6
7.1,85.0,7.5,92.4,10,No,81.6
7.4,71.7,7.9,77.2,148,Yes,71.7
5.5,62.8,7.3,60.3,64,No,62.7
8.7,70.0,6.6,55.6,104,No,74.1
10.8,43.1,7.7,68.6,16,Yes,61.4
10.7,73.7,7.8,86.4,79,Yes,85.4
5.7,53.6,7.4,90.6,7,No,58.3
2.2,49.1,6.0,68.3,67,No,47.9
11.3,46.7,7.3,77.3,138,Yes,81.2
9.8,83.6,8.4,74.0,23,Yes,85.1
2.3,59.2,6.3,73.5,22,No,47.1
10.7,89.5,9.5,65.4,84,No,91.2
10.1,60.5,6.4,61.1,77,No,76.2
6.4,44.1,7.0,63.9,135,No,61.3
7.2,52.4,6.2,57.5,130,Yes,62.1
5.2,85.3,7.3,63.9,76,No,71.4
1.6,65.8,4.9,55.4,42,No,52.4
4.5,60.3,6.3,83.2,72,No,63.2
9.4,70.2,5.7,69.2,84,Yes,75.9
1.0,75.0,7.2,98.8,46,Yes,66.6
4.5,83.6,8.2,63.7,68,No,64.5
5.2,88.3,7.8,70.6,82,Yes,78.3
6.6,63.0,4.2,71.1,131,No,61.7
10.7,49.4,9.5,55.4,109,Yes,72.9
4.6,62.2,7.4,92.8,80,Yes,67.6
4.6,71.6,6.1,56.4,136,Yes,65.2
8.7,54.5,7.2,97.3,134,No,77.0
5.7,54.6,7.2,95.1,126,No,63.6
3.4,72.8,6.2,79.1,48,No,55.9
5.8,67.3,7.2,79.5,106,No,71.0
2.5,68.5,6.3,84.4,66,Yes,57.1
2.9,57.4,6.5,72.4,5,Yes,47.4
6.2,64.8,6.2,84.1,21,No,74.4
5.4,55.1,5.3,57.0,20,No,59.2
10.6,80.5,7.2,57.4,13,No,82.7
4.8,82.5,7.7,75.6,63,No,72.4
7.1,42.2,7.6,79.7,123,Yes,63.6
7.6,55.0,8.0,95.0,141,Yes,72.9
1.1,47.0,7.4,59.7,144,No,44.3
8.0,58.9,6.4,92.0,123,Yes,77.5
2.9,66.8,8.0,64.5,45,Yes,58.7
11.1,47.7,5.4,72.7,147,No,69.4
2.6,55.1,5.9,69.2,70,Yes,58.3
5.4,53.9,5.8,73.0,79,No,58.8
1.9,70.9,8.3,61.8,15,Yes,46.8
11.5,69.0,8.1,77.7,12,No,82.6
6.3,57.9,7.6,91.1,138,No,68.4
7.3,70.5,8.3,74.9,103,No,71.0
1.7,60.3,5.9,77.1,76,No,46.3
8.9,64.2,7.4,93.2,117,Yes,82.4
3.2,91.4,6.8,86.8,111,No,80.6
10.4,86.8,8.0,77.1,38,No,88.0
3.2,49.8,6.9,66.6,61,No,51.6
3.0,79.6,6.5,94.8,121,Yes,74.5
1.4,79.4,7.6,81.0,124,Yes,64.2
6.0,51.9,8.1,65.0,75,Yes,57.2
6.9,79.5,6.2,67.1,44,No,65.6
1.7,89.5,6.9,91.1,146,Yes,71.4
9.1,52.3,5.7,57.0,107,No,71.3
5.8,55.2,4.0,99.6,128,No,63.2
6.5,82.2,7.2,60.9,127,No,77.1
5.6,71.8,7.7,90.8,104,No,74.4
5.2,75.7,7.3,72.8,141,Yes,74.0
6.9,72.8,4.7,77.1,62,No,64.6
2.6,73.5,6.6,94.6,113,No,62.5
2.9,49.4,4.3,73.6,125,No,40.1
10.0,82.7,8.6,79.2,96,No,94.1
10.9,84.4,5.7,57.2,54,Yes,85.8
4.9,64.8,8.5,55.1,109,Yes,61.5
3.8,67.4,8.1,66.0,121,No,68.3
7.8,46.6,5.9,85.6,31,No,69.0
5.3,75.2,5.6,60.5,36,Yes,72.8
1.3,76.0,7.4,60.1,5,Yes,51.2
2.6,67.1,6.0,73.5,21,Yes,54.3
8.5,83.7,7.1,84.2,141,No,90.3
7.9,63.3,6.4,87.0,88,No,79.9
1.3,75.9,4.9,63.0,49,No,48.0
3.3,53.7,4.3,58.6,70,Yes,40.9
3.4,67.7,7.3,97.3,36,Yes,61.0
8.1,65.6,6.3,66.7,49,Yes,75.6
1.2,71.2,6.3,93.4,13,No,55.2
2.1,62.8,7.8,93.9,34,No,54.2
9.4,66.2,8.4,89.8,88,Yes,81.9
2.9,79.6,6.7,62.6,64,No,59.4
7.9,61.9,6.6,92.0,5,No,74.0
3.5,45.5,7.6,89.6,9,No,46.9
2.0,92.5,5.4,81.9,67,Yes,61.0
3.6,87.3,7.3,70.2,69,Yes,75.9
8.6,49.9,7.7,66.8,82,Yes,69.6
10.0,77.7,7.8,60.5,136,No,85.3
9.7,61.0,4.7,77.9,118,No,75.9
5.2,71.7,6.1,81.3,29,Yes,62.6
8.0,72.1,5.9,71.2,139,Yes,81.8
3.2,64.7,7.1,76.4,145,No,61.1
4.1,57.0,7.6,71.4,47,No,59.3
10.4,58.3,8.8,83.8,61,No,71.7
1.1,55.2,6.4,95.6,146,Yes,58.2
1.9,56.4,6.4,62.4,76,Yes,48.6
3.2,67.1,8.4,72.2,31,Yes,54.8
1.3,58.0,7.4,61.3,132,Yes,55.0
2.9,77.5,8.5,83.1,110,No,64.8
7.1,88.8,7.3,87.8,75,Yes,86.2
5.4,59.9,5.6,96.9,71,Yes,70.1
10.4,71.4,5.4,67.5,94,No,82.3
9.6,75.0,5.1,97.8,8,Yes,76.0
4.6,74.6,7.8,57.8,110,No,63.6
3.7,69.1,8.4,82.1,83,Yes,66.2
5.0,78.4,9.2,57.6,100,No,68.3
7.2,74.8,8.0,95.2,97,Yes,80.1
3.8,50.7,8.4,78.8,78,No,55.0
7.6,80.2,6.3,85.1,130,Yes,84.9
5.3,80.4,5.6,92.4,20,Yes,71.3
6.8,57.3,8.0,61.8,120,No,62.1
5.6,68.5,7.5,56.7,22,Yes,57.7
4.1,77.6,7.1,94.5,20,Yes,60.5
11.0,65.1,7.5,69.2,134,No,85.3
9.0,83.0,7.4,60.8,60,No,75.5
2.5,100.0,8.5,76.1,83,Yes,80.1
10.1,57.0,8.6,81.9,107,Yes,82.7
6.1,48.7,7.7,56.4,32,Yes,52.3
10.4,72.3,8.0,67.4,9,Yes,84.1
9.4,78.1,7.6,56.5,110,No,85.7
5.5,64.8,6.4,73.9,26,No,65.4
1.2,88.3,7.9,95.3,121,No,65.3
3.8,49.3,5.3,99.2,104,No,58.2
6.7,77.7,8.3,83.7,17,No,76.3
7.7,59.5,5.6,62.3,69,No,69.8
3.7,92.1,7.3,95.8,148,Yes,75.9
2.5,95.9,6.0,78.2,90,Yes,69.9
9.8,57.3,7.7,61.9,68,No,69.7
11.3,60.3,7.0,96.5,36,Yes,91.2
6.5,80.0,5.1,89.1,84,Yes,76.9
2.8,62.6,7.5,87.9,55,Yes,62.2
3.9,67.4,6.3,86.9,83,Yes,66.5
1.2,68.4,8.1,64.0,110,No,54.6
10.6,41.1,7.0,64.5,67,No,65.5
2.2,67.8,7.5,86.0,80,Yes,59.0
7.1,58.3,5.9,64.9,64,Yes,65.2
3.9,61.1,6.3,74.7,69,No,54.9
6.8,88.2,6.4,90.2,121,Yes,82.7
7.8,50.4,8.0,90.3,85,No,68.8
9.7,79.4,9.0,75.4,109,No,82.6
3.2,64.1,6.0,90.6,132,Yes,64.4
1.1,64.1,8.3,92.7,75,No,52.5
2.4,79.1,4.4,84.5,90,No,54.2
10.5,72.8,5.6,65.3,144,Yes,82.4
10.2,76.0,5.8,67.3,75,Yes,82.9
7.3,81.6,5.4,69.2,50,No,74.9
7.3,63.4,5.1,60.3,51,Yes,65.8
8.0,59.4,7.5,67.3,83,No,64.5
2.8,52.8,6.7,64.4,146,No,56.7
10.6,56.4,7.5,75.5,134,Yes,85.4
5.4,100.0,7.8,95.9,131,Yes,91.9
5.0,85.4,7.3,59.7,113,No,75.7
6.4,49.1,7.8,87.4,123,Yes,66.0
1.5,49.5,6.9,85.9,105,No,48.9
2.7,74.7,5.6,59.3,10,No,57.4
8.7,75.7,8.3,96.5,130,No,92.5
1.9,75.7,6.3,80.6,107,Yes,62.2
7.3,64.4,5.9,71.4,41,No,68.1
3.6,66.2,6.8,89.0,146,No,68.8
5.1,72.6,5.9,66.6,41,No,67.9
4.0,69.2,6.5,86.2,12,No,61.1
4.7,36.9,7.4,56.8,81,No,43.9
8.5,64.8,7.4,92.8,145,No,80.3
4.1,56.1,5.9,75.2,44,Yes,66.4
6.9,70.5,6.4,83.7,111,No,70.4
6.0,100.0,8.3,65.0,96,Yes,82.7
8.0,73.1,7.6,85.5,22,Yes,85.3
10.8,63.6,9.5,89.8,61,No,77.0
8.7,80.9,8.4,76.3,87,Yes,74.7
3.3,74.8,8.4,82.8,36,No,52.2
1.3,73.9,5.3,75.5,29,No,46.7
3.8,76.5,7.9,95.2,37,Yes,62.0
7.2,96.8,6.9,77.4,92,Yes,90.8
1.5,52.2,6.3,92.9,108,No,52.6
6.2,74.6,7.2,91.1,38,No,64.7
7.3,55.0,8.1,73.5,106,No,62.4
4.5,75.8,7.6,65.4,131,No,72.8
9.1,55.1,5.9,73.3,73,Yes,72.6
2.1,62.2,7.9,92.2,44,Yes,61.8
1.8,63.9,6.2,65.2,84,No,54.8
8.6,81.7,7.3,78.6,145,No,82.8
6.2,80.9,6.6,91.3,35,Yes,79.2
8.2,50.6,6.7,70.9,120,No,71.1
5.6,68.8,7.9,83.9,67,No,61.4
3.6,58.1,5.8,66.1,52,No,46.5
9.6,50.4,9.3,59.9,91,Yes,78.1
9.4,65.0,4.8,90.7,52,No,69.8
8.3,63.7,6.3,59.5,65,No,70.4
3.9,100.0,7.4,67.2,144,No,77.2
7.2,74.1,7.7,93.5,82,No,78.8
4.8,48.7,6.9,70.6,22,No,51.6
2.0,60.1,6.9,98.8,32,No,57.2
10.6,82.3,7.5,99.1,84,No,96.6
2.4,97.2,6.7,67.1,20,Yes,66.4
11.0,45.8,8.7,56.8,81,Yes,69.1
5.7,41.7,8.0,86.7,141,No,60.1
2.9,94.2,8.0,75.3,30,Yes,63.2
6.7,73.5,5.8,59.5,32,Yes,65.8
10.2,55.8,6.9,86.8,109,Yes,75.7
8.7,75.5,6.6,56.4,81,Yes,78.8
9.5,31.1,5.8,94.2,13,Yes,64.0
7.9,68.0,7.4,61.2,55,Yes,75.9
8.3,72.6,6.4,60.7,80,No,69.7
9.9,80.9,7.8,62.9,126,No,82.4
3.6,53.8,5.7,98.2,36,No,59.3
6.1,69.2,9.1,86.2,61,Yes,65.3
3.3,55.0,5.9,91.1,58,No,61.3
11.4,71.6,7.3,72.9,120,No,85.5
10.9,55.5,8.0,70.1,148,No,78.2
1.4,62.3,6.3,65.6,66,Yes,53.1
8.4,54.1,8.0,76.6,88,Yes,74.6
10.7,77.1,5.5,79.8,60,No,89.1
2.9,80.0,8.7,83.4,27,No,54.5
7.0,64.7,7.0,66.6,21,No,66.8
10.6,68.5,6.3,97.7,82,No,85.8
1.4,47.7,6.6,62.6,26,Yes,37.8
8.3,63.8,8.0,98.5,112,No,86.4
4.1,67.3,6.3,55.7,21,Yes,56.9
10.7,100.0,6.1,76.7,19,No,91.3
11.2,52.4,6.7,70.0,118,No,80.5
10.9,88.5,5.6,75.2,52,No,81.7
6.0,82.0,9.2,80.7,117,Yes,72.9
10.1,71.9,6.3,74.6,101,Yes,83.7
9.9,92.6,8.0,73.7,95,No,92.5
4.4,73.2,7.3,88.0,20,No,68.9
9.7,73.4,5.8,85.9,102,No,80.1
1.4,67.3,7.0,92.5,115,No,55.1
7.3,85.1,7.9,66.2,5,Yes,77.2
3.4,83.4,6.8,82.4,45,No,65.2
2.3,59.2,8.4,81.3,52,No,45.4
1.8,49.5,8.2,71.6,112,No,45.4
8.3,65.2,8.1,76.9,107,Yes,77.5
4.6,56.8,6.4,69.1,132,No,60.0
8.6,67.1,5.7,61.4,34,Yes,70.7
1.7,85.3,6.3,64.6,49,No,53.0
4.3,61.6,7.2,59.7,84,No,57.5
6.7,67.4,7.7,85.7,43,Yes,75.4
9.3,68.8,4.4,84.7,49,Yes,63.1
4.3,79.9,7.0,97.8,82,No,71.2
7.6,36.5,7.2,87.8,85,No,56.9
10.3,59.5,6.7,57.3,144,Yes,80.2
7.5,71.0,8.5,94.8,97,Yes,74.9
3.4,84.8,7.5,93.8,36,No,68.7
1.3,61.1,8.6,74.9,28,No,52.6
10.1,41.7,6.7,81.4,120,Yes,71.7
1.2,76.7,8.1,98.9,17,No,54.5
10.2,59.1,9.0,79.0,83,Yes,77.2
6.6,51.3,8.6,95.7,60,Yes,68.0
10.9,59.3,5.7,58.7,57,Yes,71.5
9.4,65.4,6.7,63.6,72,No,73.5
11.5,59.5,6.6,74.8,38,Yes,78.4
4.7,37.1,7.6,81.3,32,No,48.1
9.1,80.6,7.8,91.7,54,No,85.9
5.2,85.8,6.0,99.5,134,No,81.2
6.0,77.1,7.1,72.5,115,No,68.6
7.6,52.1,4.6,57.1,98,No,59.0
10.2,65.2,8.7,91.1,51,No,91.3
11.3,67.9,6.4,82.2,30,No,87.6
9.1,76.4,7.1,63.9,88,No,77.7
5.4,77.4,6.6,77.3,110,Yes,74.6
5.4,57.7,8.4,88.4,96,Yes,66.9
8.7,69.1,4.0,89.7,124,No,74.4
3.5,74.4,7.0,77.5,79,Yes,64.1
2.2,88.4,6.9,68.7,126,Yes,67.6
4.7,77.9,6.5,98.8,45,No,67.4
4.0,79.0,9.1,84.9,56,Yes,71.0
4.1,69.2,5.9,73.4,86,No,62.2
3.5,87.7,7.9,67.6,138,Yes,74.1
1.4,73.7,7.4,87.9,78,No,63.1
1.2,55.9,8.5,65.9,70,No,49.8
11.4,87.6,6.2,62.7,28,No,90.4
5.5,77.8,6.1,78.8,32,Yes,73.5
5.0,61.8,8.3,68.0,121,No,68.9
8.1,61.3,7.5,83.3,118,No,72.5
3.3,72.2,5.1,60.3,65,No,52.7
11.0,74.5,6.4,84.5,73,No,89.5
9.3,70.8,7.5,67.7,118,Yes,79.7
1.9,72.4,8.0,55.0,79,No,52.5
5.4,91.8,6.2,60.7,63,No,72.3
10.2,83.0,4.0,97.0,134,Yes,86.4
10.9,70.7,7.6,94.0,19,No,84.8
5.9,81.2,5.5,65.5,109,No,66.5
7.4,53.5,4.6,90.0,102,No,63.9
2.8,73.6,4.0,82.4,39,No,50.4
11.4,93.3,8.0,98.7,35,No,100.0
3.4,64.9,7.2,71.8,131,No,60.6
10.9,56.1,6.7,85.7,23,No,74.4
7.8,58.9,8.7,57.9,28,No,65.4
7.4,52.7,7.8,72.8,88,No,55.3
6.4,57.0,8.9,98.4,96,No,67.6
3.4,62.8,5.3,79.3,149,No,57.5
2.9,48.3,7.0,68.0,122,No,52.5
3.3,68.2,5.1,60.4,51,No,55.6
3.0,80.6,6.7,86.7,107,No,73.1
9.2,55.3,6.7,84.0,125,Yes,79.7
4.7,89.3,7.8,71.8,98,Yes,70.4
1.6,75.2,7.1,97.8,149,Yes,66.2
11.2,82.4,7.7,56.0,46,No,83.7
10.3,58.8,7.8,68.7,115,Yes,82.1
10.7,80.0,9.6,96.4,33,Yes,87.8
11.4,52.7,6.6,69.4,128,Yes,79.6
2.8,80.5,5.9,66.4,21,No,52.3
5.2,70.4,7.3,79.0,18,Yes,62.9
9.0,75.7,6.0,92.1,54,No,77.5
8.3,51.5,8.8,59.6,61,Yes,71.1
2.6,55.5,6.7,97.4,108,No,55.2
9.6,76.4,6.3,90.8,43,No,82.8
3.4,54.7,6.4,63.2,100,No,56.3
3.4,74.5,7.9,87.0,40,Yes,65.4
6.6,48.9,6.8,72.3,118,No,59.9
7.2,79.9,6.2,73.1,41,No,76.6
7.1,50.7,9.0,90.2,18,Yes,65.1
2.0,75.7,6.0,98.3,127,Yes,58.9
10.2,76.8,7.0,60.7,87,Yes,89.2
3.8,58.2,7.8,73.9,77,No,60.1
2.4,76.1,5.0,76.6,106,Yes,60.7
10.3,71.6,7.6,71.9,85,No,88.8
11.0,60.5,5.7,71.3,87,No,80.9
10.1,53.9,8.0,57.4,48,No,73.9
9.5,40.5,5.8,85.8,72,No,70.5
7.9,72.9,7.8,74.6,52,No,77.2
6.8,46.1,8.3,63.8,61,No,51.8
1.9,69.3,8.0,91.7,79,No,53.2
5.3,64.3,7.3,91.1,26,Yes,69.3
4.9,77.5,6.7,76.9,136,Yes,78.5
3.7,63.8,6.3,68.4,50,No,53.0
8.6,63.4,8.8,83.7,15,No,67.0
6.2,78.2,6.2,68.0,35,No,69.0
1.9,72.7,5.8,65.6,143,Yes,54.4
3.3,72.4,7.8,87.9,124,Yes,68.2
8.2,74.6,6.0,56.8,60,Yes,72.5
1.8,46.5,5.9,59.3,42,No,38.5
9.9,78.6,5.3,55.3,25,No,80.9
6.2,76.6,6.4,61.9,114,No,69.2
6.0,53.8,6.9,58.1,98,No,60.4
7.2,64.6,7.3,99.8,142,Yes,76.3
9.7,67.4,8.1,68.0,140,Yes,87.0
4.7,66.1,7.6,61.7,12,Yes,58.5
8.1,72.7,6.8,65.8,76,No,78.8
6.9,88.0,6.8,97.1,123,Yes,79.2
3.8,83.1,7.6,78.4,38,No,65.9
10.2,49.6,8.5,71.4,148,No,76.8
9.4,76.7,7.2,94.3,109,Yes,93.0
7.9,86.6,6.4,72.8,145,Yes,84.5
9.9,73.4,5.8,70.1,91,Yes,85.0
10.1,83.3,5.3,64.3,68,No,79.2
8.4,96.2,7.8,72.0,6,No,83.0
9.8,82.3,7.7,69.3,113,Yes,92.4
8.3,71.5,7.7,85.5,30,No,72.7
8.1,82.6,6.8,68.0,87,No,82.5
7.5,70.0,8.7,81.0,111,No,76.9
8.9,68.3,6.4,58.0,73,No,72.0
2.7,63.1,8.1,63.6,101,No,52.8
10.2,89.9,7.0,73.3,34,No,80.1
10.2,56.5,6.3,97.2,12,Yes,77.1
1.3,89.5,7.7,72.0,42,Yes,60.9
9.7,75.0,7.5,84.9,85,No,87.2
2.4,48.4,7.4,66.5,112,No,51.3
4.5,73.1,7.1,60.7,69,No,66.3
8.8,38.6,7.0,57.6,71,No,64.8
2.7,76.8,9.9,68.7,94,No,68.1
9.6,80.4,8.4,62.1,99,Yes,86.8
9.7,59.7,7.9,62.8,76,Yes,72.9
6.3,69.7,7.1,89.2,47,Yes,75.4
1.1,95.4,8.2,55.7,50,No,64.7
4.0,60.9,7.6,80.1,129,Yes,66.8
7.5,53.2,7.0,72.1,43,Yes,58.5
11.3,88.7,6.6,77.8,55,Yes,95.9
7.6,95.5,6.9,80.3,8,Yes,81.1
3.7,68.1,4.0,69.1,125,Yes,50.6
7.7,82.2,7.3,68.3,84,Yes,81.3
6.7,86.8,6.4,88.0,81,No,74.6
9.2,57.6,8.9,94.2,137,Yes,84.9
2.1,61.2,7.0,63.7,59,Yes,54.6
9.0,85.2,5.6,59.4,24,No,75.6
6.7,91.6,6.9,95.4,38,No,79.5
11.1,75.9,5.7,70.7,126,Yes,88.3
4.6,55.7,7.6,79.8,113,Yes,60.3
7.6,95.8,7.3,71.2,130,No,87.1
10.8,60.6,8.1,60.7,58,Yes,68.1
2.1,63.3,6.1,81.5,149,Yes,60.4
10.8,72.8,7.0,78.6,137,Yes,91.6
8.2,89.8,5.4,64.1,93,Yes,84.7
1.7,80.0,7.8,75.3,57,No,59.8
4.2,73.8,7.6,90.9,54,No,70.0
8.4,74.5,7.6,81.6,76,No,81.5
1.7,68.6,7.0,59.4,145,No,59.9
7.1,75.8,7.5,79.7,20,Yes,83.6
4.6,32.6,8.9,86.6,17,No,47.5
7.5,63.8,6.7,90.7,24,Yes,72.9
1.5,71.4,7.2,83.3,70,Yes,62.9
10.2,51.9,5.7,61.9,51,No,66.4
11.2,73.4,6.0,87.0,126,No,89.6
11.2,65.1,7.1,85.5,58,Yes,87.3
8.9,92.6,8.3,56.1,10,No,79.9
2.4,90.0,6.7,73.5,18,Yes,64.3
9.0,61.5,6.7,70.0,136,Yes,82.1
1.3,65.9,6.5,85.1,90,Yes,50.7
1.2,67.0,6.4,64.7,31,No,54.5
4.4,61.7,7.4,81.6,11,No,59.6
6.1,70.7,5.2,96.1,135,No,71.4
9.1,57.4,8.5,90.9,6,Yes,78.9
8.2,52.2,6.2,96.5,84,Yes,73.8
5.7,76.7,7.9,99.0,64,No,74.9
3.9,76.8,5.5,55.5,28,Yes,57.1
11.5,56.7,7.8,83.0,19,Yes,85.6
5.5,80.5,7.8,73.6,99,No,72.9
5.7,59.2,7.5,93.7,146,No,69.2
2.7,71.5,5.8,66.3,138,Yes,64.8
9.3,79.5,7.3,99.1,85,Yes,94.3
8.3,67.5,5.6,82.6,22,Yes,78.0
3.3,74.4,6.7,90.7,24,No,63.9
1.9,60.8,8.2,58.9,119,No,55.8
8.1,65.2,8.0,63.3,44,No,68.4
7.9,65.1,7.0,89.1,43,Yes,78.8
3.9,57.5,5.8,56.0,36,Yes,53.8
11.0,65.5,7.8,91.8,128,No,90.6
2.6,46.3,7.0,55.6,112,No,41.6
5.5,61.1,4.2,84.6,31,No,52.7
10.9,64.0,7.9,71.4,114,Yes,85.1
5.4,64.4,7.0,82.5,101,No,69.4
7.7,64.6,8.4,86.3,78,No,82.0
5.2,67.1,5.7,70.4,21,No,61.6
3.9,74.7,4.0,59.9,53,No,47.8
11.3,80.2,7.3,58.1,85,Yes,87.6
5.3,58.9,7.3,81.5,120,Yes,72.9
10.4,51.2,5.0,78.4,27,Yes,67.6
3.4,53.4,5.8,88.4,102,No,59.3
3.2,61.2,10.0,77.9,76,No,52.6
1.3,63.1,6.6,74.0,145,No,54.3
7.8,57.2,7.9,72.9,61,Yes,68.1
4.9,49.9,6.2,56.2,90,No,42.6
10.1,61.6,4.5,70.1,27,No,69.1
6.0,70.5,6.8,98.9,109,Yes,73.5
11.2,76.3,6.7,94.3,71,No,85.5
2.9,60.2,6.5,69.8,38,Yes,54.2
10.1,62.2,6.9,81.5,37,Yes,82.6
9.2,55.0,7.3,93.1,50,Yes,70.4
9.1,67.6,6.8,74.9,85,No,81.3
9.9,56.1,5.5,55.8,91,No,66.4
9.0,76.0,7.6,58.4,19,Yes,78.7
7.6,43.0,4.7,78.0,127,No,62.0
2.4,63.0,4.5,98.6,125,No,54.2
1.3,72.2,7.9,86.2,82,No,57.8
10.7,70.6,7.6,58.2,70,Yes,81.1
7.5,100.0,6.9,63.5,43,No,82.9
9.4,72.9,5.3,89.7,22,No,77.2
6.1,53.9,6.2,92.9,25,Yes,60.2
2.2,66.7,6.7,82.8,31,Yes,51.3
2.3,43.1,5.1,84.0,6,No,42.6
8.2,66.9,6.1,56.3,101,Yes,73.9
5.5,56.3,7.8,92.3,43,No,65.9
3.1,80.8,8.7,90.5,60,Yes,64.9
6.2,60.3,6.5,66.7,111,No,62.5
1.7,66.4,7.9,86.9,131,Yes,58.0
7.1,59.1,4.7,64.7,17,Yes,57.6
3.8,92.3,7.8,56.8,130,Yes,74.3
9.4,63.5,6.0,64.1,60,No,70.2
4.3,93.7,7.4,63.0,32,No,74.4
5.8,79.4,6.7,70.2,68,Yes,70.3
1.1,74.7,8.6,73.8,75,Yes,57.5
1.8,73.2,6.0,77.9,123,No,55.8
5.1,73.5,7.8,76.5,104,No,67.3
6.0,41.0,6.7,67.2,45,No,52.8
7.3,64.1,6.8,56.3,8,Yes,61.9
4.1,79.8,6.8,82.2,92,No,69.5
8.3,67.3,6.0,72.8,88,No,75.1
10.0,48.3,7.0,68.4,50,No,73.2
9.2,67.3,6.9,94.0,92,No,78.2
1.4,91.9,7.3,88.6,11,Yes,65.1
6.0,85.5,7.1,93.6,81,Yes,80.9
2.1,67.1,8.0,77.3,140,No,53.3
3.5,81.3,8.1,60.9,145,No,63.4
11.4,62.9,5.7,86.3,97,No,85.2
2.5,44.1,8.0,64.3,24,No,37.4
6.2,55.1,5.6,74.9,82,No,60.6
7.5,89.9,7.7,57.9,31,Yes,70.8
8.4,64.2,7.7,92.1,124,Yes,81.6
6.9,64.6,4.7,60.7,29,Yes,52.7
1.1,63.8,7.1,95.6,56,Yes,53.5
4.4,94.7,6.4,93.9,25,No,72.3
6.4,90.8,6.1,75.9,22,Yes,76.8
1.9,99.1,8.6,88.5,43,Yes,69.2
4.7,65.8,6.2,82.9,19,Yes,57.6
1.3,72.1,6.0,91.1,57,Yes,53.1
1.8,46.8,7.1,74.4,42,Yes,40.4
5.2,88.7,7.8,90.4,56,No,76.7
2.4,51.7,6.8,75.8,76,Yes,52.5
7.0,71.0,8.4,97.3,32,No,75.6
8.2,52.6,7.6,76.9,148,No,71.5
9.4,59.8,4.4,75.8,122,No,64.5
3.1,56.3,6.4,90.3,148,Yes,61.3
2.8,59.5,6.3,92.0,39,Yes,56.5
2.1,60.5,7.6,80.0,149,Yes,56.2
7.7,60.3,4.0,63.1,103,No,56.2
8.4,79.7,10.0,76.0,56,No,76.1
1.3,52.5,7.6,98.6,144,No,55.8
10.8,71.1,7.2,88.9,87,No,91.5
1.5,85.1,8.4,91.5,52,Yes,70.4
6.7,60.8,9.8,56.5,26,No,51.5
8.4,57.9,8.0,76.1,127,Yes,75.0
10.1,64.8,8.1,84.1,131,No,84.7
8.5,84.5,7.2,92.4,56,No,86.0
9.4,70.7,6.8,57.2,83,Yes,82.3
4.6,60.6,6.4,93.4,133,Yes,71.1
9.6,74.8,6.0,79.7,70,No,84.9
1.8,52.6,6.2,63.9,68,Yes,47.1
10.4,77.5,5.4,69.3,12,Yes,77.3
6.7,73.7,6.9,67.7,29,Yes,77.2
9.6,63.7,5.0,78.9,98,Yes,77.1
5.7,56.3,7.2,57.3,19,No,54.9
7.8,55.6,7.0,62.1,126,No,65.3
6.5,75.5,7.2,91.6,79,No,76.6
8.7,85.2,6.4,61.0,108,Yes,87.8
1.9,59.1,10.0,65.5,42,No,41.3
1.6,74.4,8.6,75.4,119,No,58.5
3.6,38.8,5.5,78.3,43,Yes,46.8
2.7,59.8,7.3,89.4,112,Yes,62.9
10.2,67.6,6.3,75.1,21,No,75.7
3.3,55.3,5.8,90.5,139,Yes,59.4
11.2,54.9,5.4,82.8,122,Yes,79.7
4.5,58.7,7.5,60.1,43,Yes,53.1
2.9,72.1,6.2,62.0,39,Yes,53.7
9.3,65.4,8.2,74.7,55,Yes,74.9
7.9,36.7,8.2,72.9,51,Yes,55.3
6.2,38.3,8.6,88.5,40,No,59.1
6.8,59.5,6.0,81.1,68,Yes,69.2
8.6,74.4,7.6,72.5,99,No,80.4
3.4,30.0,7.8,62.7,109,Yes,50.5
11.5,61.0,6.4,65.2,17,No,78.6
11.2,60.6,6.1,80.9,116,No,80.4
7.8,87.4,8.9,74.1,69,No,83.9
3.1,62.6,7.3,78.2,12,No,57.1
8.1,73.4,7.8,62.7,52,No,69.4
1.8,70.0,6.0,84.8,89,No,59.9
1.3,38.2,5.5,93.4,47,Yes,39.9
3.7,78.8,6.3,66.6,89,Yes,69.2
5.9,71.0,6.9,77.1,23,No,64.9
10.1,75.1,5.7,98.9,27,Yes,82.8
8.6,100.0,7.0,70.0,119,No,89.7
8.8,38.8,5.0,81.8,54,No,56.1
5.5,92.1,5.7,59.1,47,Yes,66.4
4.6,64.0,7.8,82.3,103,No,56.3
4.9,72.0,7.7,59.0,108,Yes,63.8
11.4,67.4,6.5,98.2,120,Yes,100.0
1.4,62.1,5.8,87.2,55,No,51.8
10.1,60.0,5.8,90.5,110,Yes,88.6
7.1,72.6,6.6,86.7,116,No,76.3
5.6,46.8,7.8,81.5,76,No,57.5
8.6,78.5,8.1,75.2,143,Yes,92.5
6.1,62.2,6.4,93.6,84,No,70.3
10.2,52.2,5.6,98.1,53,No,71.2
10.5,61.7,7.3,77.5,51,Yes,82.7
5.4,85.6,6.0,96.9,76,Yes,82.3
3.9,60.5,6.4,81.2,11,No,49.8
7.2,73.0,8.6,79.2,70,No,75.1
10.6,57.8,8.0,75.5,81,Yes,75.6
3.2,78.6,7.2,64.4,66,Yes,67.6
7.5,77.6,5.5,55.2,42,No,68.9
7.6,93.9,7.3,65.9,129,No,87.8
8.7,65.5,8.3,77.9,88,Yes,77.5
2.4,77.4,6.5,72.1,33,No,50.9
8.5,69.4,8.6,75.2,118,No,76.6
10.5,86.1,8.6,99.1,83,No,96.8
2.9,57.9,9.0,70.8,27,Yes,57.8
3.5,78.4,7.4,75.3,110,No,67.9
11.2,65.3,7.7,61.0,135,Yes,83.8
2.9,67.1,8.7,57.2,105,No,57.5
10.0,69.3,7.5,89.9,12,No,82.9
6.2,71.5,6.4,80.7,90,No,71.7
3.6,66.4,6.5,89.2,121,No,64.8
10.1,71.0,7.3,61.7,33,Yes,79.9
5.7,90.1,5.5,80.7,6,No,70.4
6.4,81.8,6.8,66.4,117,Yes,78.8
4.8,80.2,8.3,65.3,69,No,73.3
7.2,61.6,4.4,55.5,112,Yes,55.1
2.7,55.6,8.8,60.9,24,Yes,46.9
5.1,81.4,8.3,68.9,41,No,64.1
11.2,80.3,6.4,60.3,76,No,90.0
3.7,88.6,7.7,99.4,31,No,70.9
7.9,59.5,7.0,68.9,127,No,74.3
4.4,64.8,8.5,60.9,138,Yes,69.3
9.1,45.0,8.2,64.0,49,No,60.4
2.4,62.5,5.3,81.4,87,Yes,52.8
11.2,82.0,7.7,57.9,124,No,94.6
5.8,61.5,6.8,93.8,69,No,63.5
3.5,77.0,7.1,98.3,29,Yes,65.8
1.8,65.3,6.1,66.1,31,Yes,44.6
2.8,72.5,9.1,75.3,139,Yes,68.7
6.5,51.9,8.2,56.0,110,Yes,61.2
4.5,69.2,6.1,83.8,48,Yes,65.6
9.7,30.0,5.4,73.6,111,Yes,66.4
5.5,65.4,6.5,67.2,40,Yes,60.4
3.6,45.2,7.5,64.3,10,No,38.7
7.5,84.9,7.3,84.4,13,No,77.1
8.4,78.9,8.5,73.7,17,Yes,76.8
2.8,74.5,7.9,63.1,45,Yes,58.7
2.8,89.3,8.2,86.0,132,Yes,74.0
1.4,54.7,7.4,80.4,70,No,47.2
8.7,92.5,5.3,93.6,89,No,85.3
8.0,81.1,6.8,60.3,28,No,75.0
6.0,64.7,8.3,90.4,48,No,64.5
9.9,83.9,6.9,85.3,110,No,90.3
9.5,52.5,7.6,60.2,102,No,69.5
7.1,56.5,6.6,86.3,64,Yes,70.5
10.1,59.5,5.8,74.9,13,No,75.1
3.2,60.6,6.9,97.5,134,No,67.7
2.2,53.2,7.4,61.4,60,No,51.3
3.8,85.1,6.2,83.9,26,No,64.7
1.6,64.4,6.7,72.2,85,Yes,53.7
6.6,72.9,5.9,98.1,104,No,71.5
10.8,60.0,8.3,69.8,17,Yes,75.6
1.4,42.5,6.6,98.3,75,Yes,47.7
2.3,71.8,8.7,95.6,20,Yes,57.4
5.7,41.2,8.8,67.2,49,No,49.5
10.8,67.0,6.9,91.2,69,No,78.9
4.3,48.8,5.8,99.8,143,No,56.4
6.3,95.8,4.5,66.4,74,No,72.1
1.4,80.8,5.2,74.7,103,No,57.0
2.6,69.5,5.4,78.4,105,No,58.8
11.4,85.7,8.7,68.3,109,No,91.1
11.1,56.2,7.1,55.7,144,No,79.6
1.1,75.6,7.5,64.9,98,Yes,62.1
11.0,70.8,4.3,67.7,46,No,73.4
7.7,71.7,5.6,75.0,87,No,70.6
10.1,85.8,8.1,62.7,137,No,85.4
5.8,78.3,7.3,94.3,109,No,80.1
6.4,72.0,6.8,86.7,32,No,64.3
6.1,44.8,7.7,58.8,30,No,50.1
8.0,54.6,9.0,84.3,120,No,72.8
2.5,66.3,6.7,84.4,53,No,49.8
1.3,69.3,7.1,98.0,5,Yes,53.8
4.2,52.2,7.2,55.1,96,No,54.0
8.4,100.0,9.9,66.2,62,No,80.7
3.1,89.2,4.5,96.8,83,No,61.8
8.1,76.4,7.8,96.9,85,No,80.6
11.2,69.0,6.9,87.4,30,Yes,88.8
2.0,65.0,7.7,89.5,81,Yes,65.8
8.1,54.7,6.2,59.1,76,No,65.4
5.7,69.1,6.9,78.1,73,No,60.9
10.1,71.6,7.9,65.4,10,Yes,80.6
2.9,50.6,10.0,63.2,27,Yes,41.9
8.3,72.7,8.0,91.5,58,No,75.2
9.8,65.8,6.0,61.1,91,Yes,74.9
10.9,41.3,6.5,76.1,15,Yes,67.3
8.2,56.0,6.5,97.2,138,Yes,74.0
6.2,62.2,4.8,63.4,15,No,54.6
7.5,94.4,6.6,99.0,81,No,94.3
10.1,75.8,7.9,99.7,16,Yes,83.1
7.0,49.3,5.5,80.0,57,No,66.3
1.3,74.8,8.3,62.7,103,Yes,58.1
10.8,46.3,7.6,69.2,40,Yes,72.4
8.2,83.2,6.1,74.1,149,Yes,84.9
8.1,61.4,6.8,68.9,32,Yes,67.0
3.3,66.7,8.9,67.6,106,Yes,61.2
7.9,86.6,7.9,98.8,11,Yes,86.0
5.1,50.0,7.0,61.9,19,No,43.4
7.8,48.4,6.7,88.0,143,No,80.3
2.1,59.8,7.1,55.0,28,No,39.7
7.9,82.5,6.4,81.8,34,No,76.1
11.5,46.7,4.5,96.2,70,Yes,65.6
1.5,30.0,9.5,68.0,65,No,32.3
11.3,61.7,7.2,63.3,82,Yes,80.6
5.3,75.7,7.5,84.3,45,No,67.3
10.1,84.8,6.9,87.1,86,Yes,93.5
9.2,61.5,6.1,86.0,55,No,73.7
7.0,62.2,6.8,69.4,99,No,70.7
8.8,84.2,5.1,66.3,17,Yes,71.7
10.2,41.8,9.7,98.0,94,No,71.9
5.2,62.6,5.5,96.5,144,Yes,68.0
4.4,70.7,5.8,75.6,86,No,61.5
8.0,74.3,6.5,93.1,13,No,76.7
9.5,60.9,8.5,75.4,52,Yes,74.2
9.0,68.5,7.0,74.1,53,Yes,77.6
9.4,33.2,5.5,62.1,57,Yes,55.4
5.6,58.8,8.5,74.2,44,No,64.1
9.6,74.3,7.9,79.2,111,Yes,89.3
2.3,54.2,7.6,56.0,28,No,45.0
6.7,68.8,7.9,75.0,112,No,71.9
1.1,74.3,9.9,90.2,37,Yes,53.1
4.4,63.2,9.6,85.6,27,No,60.4
4.8,70.4,6.2,83.6,81,No,68.3
5.2,54.5,8.9,95.9,58,Yes,67.0
8.3,65.1,7.5,55.8,57,Yes,70.3
5.1,76.5,7.6,80.1,53,No,70.2
5.7,70.2,5.0,90.4,82,Yes,72.5
3.5,59.8,6.8,79.4,84,Yes,56.7
4.9,71.1,6.0,69.6,106,Yes,63.7
3.4,78.0,8.0,61.1,126,No,65.6
1.8,39.3,8.3,94.9,107,No,43.8
7.3,84.2,4.5,76.2,94,No,66.8
8.0,63.3,7.0,94.5,94,Yes,82.9
7.5,74.0,8.3,81.4,125,No,83.7
5.9,84.8,6.8,85.3,64,No,71.6
5.0,48.8,7.9,91.2,126,Yes,59.8
10.1,58.1,7.4,84.7,145,Yes,82.4
6.5,64.0,7.4,72.9,34,No,69.6
6.0,57.0,6.7,78.1,134,No,65.7
1.3,92.3,5.5,91.1,87,No,64.5
4.6,56.0,5.7,71.8,115,No,59.1
5.0,60.2,7.9,72.5,112,No,64.0
5.2,70.9,7.0,59.3,115,Yes,73.5
7.1,51.2,6.8,96.2,29,No,62.7
6.6,62.5,6.5,59.1,54,No,62.4
7.4,72.4,6.6,84.2,18,No,72.7
9.0,63.3,8.3,73.6,138,Yes,80.3
9.5,66.7,6.6,73.3,80,No,73.5
8.5,60.6,5.4,85.6,88,No,66.8
11.0,46.8,7.9,58.0,91,Yes,69.3
1.2,72.5,6.8,81.7,34,Yes,58.1
3.1,92.6,7.0,89.7,62,No,68.3
1.1,68.3,8.9,92.3,98,Yes,59.7
7.8,71.2,7.0,62.7,45,No,71.2
10.4,77.7,7.3,95.4,98,No,87.5
3.6,50.2,5.6,84.5,61,Yes,49.9
10.7,91.8,6.7,94.7,68,No,95.8
1.6,70.8,7.7,76.8,102,No,57.9
10.8,90.8,5.1,79.4,20,No,87.2
4.7,57.7,7.2,96.4,92,Yes,65.0
2.1,93.5,7.1,95.5,82,No,67.8
6.1,78.9,7.0,75.2,94,Yes,76.4
3.7,75.7,8.2,67.3,76,Yes,69.5
4.0,71.3,7.4,72.7,18,Yes,54.9
4.2,64.5,8.8,72.4,35,Yes,56.1
9.4,84.8,5.8,67.9,70,No,83.9
6.7,70.0,7.2,67.1,116,No,72.9
4.3,40.5,7.1,93.7,72,No,56.5
7.4,52.4,5.7,58.1,59,Yes,59.9
8.5,65.4,8.1,85.5,127,Yes,75.9
3.9,72.3,9.8,62.8,29,No,60.1
5.3,67.2,7.0,70.5,135,Yes,74.0
2.3,85.1,7.6,57.8,73,No,60.6
2.9,40.7,7.1,67.1,106,No,44.4
8.2,70.0,6.1,89.6,122,No,78.0
2.9,42.5,4.8,94.8,30,Yes,45.7
6.5,78.6,6.2,65.0,44,No,68.3
8.4,66.7,5.3,75.9,42,Yes,71.3
2.1,73.9,9.0,76.2,11,Yes,60.8
7.0,55.9,6.9,94.3,124,No,75.5
3.7,85.9,6.6,89.3,39,No,64.2
11.1,82.6,8.1,78.1,82,No,91.1
6.1,76.2,5.7,85.2,42,No,67.4
9.5,66.2,6.1,93.1,142,No,85.0
6.8,76.1,7.1,55.4,32,Yes,69.6
1.5,58.1,8.2,73.1,104,No,61.4
7.6,80.0,7.6,95.8,42,Yes,83.4
11.0,91.1,7.3,88.3,148,Yes,100.0
7.3,83.0,7.1,79.4,128,No,88.8
9.6,57.8,7.5,78.8,96,No,77.7
10.3,73.1,7.2,70.6,101,No,79.0
3.4,49.9,5.8,78.4,10,Yes,48.5
3.2,76.0,7.1,84.5,131,Yes,71.9
7.4,74.3,5.7,73.8,19,Yes,72.7
5.3,41.8,7.1,87.1,112,Yes,64.8
9.8,51.7,6.4,93.8,135,Yes,81.6
10.5,64.0,10.0,62.0,47,No,71.7
4.7,63.8,7.0,75.3,51,No,55.9
3.5,51.1,5.3,73.4,103,Yes,58.2
9.2,73.4,6.8,85.9,18,No,77.4
3.9,71.5,7.6,66.2,136,Yes,63.8
9.6,65.3,9.0,83.8,119,No,89.8
5.4,57.4,6.3,94.5,144,Yes,76.2
8.0,82.7,5.1,73.8,6,No,70.0
2.0,91.2,8.0,96.0,149,No,66.9
7.6,61.2,5.3,99.7,39,No,66.2
5.7,59.4,6.5,59.8,14,Yes,63.9
7.2,74.9,6.7,65.5,116,No,75.6
2.8,63.0,6.9,97.8,25,Yes,54.2
8.7,66.0,7.8,98.1,19,Yes,81.2
10.1,78.4,6.2,59.4,116,Yes,84.8
3.3,41.3,6.7,55.7,130,No,45.6
2.0,86.5,7.0,62.2,89,No,59.9
1.2,69.0,7.2,99.8,89,Yes,65.5
7.7,62.2,7.1,63.1,9,No,66.7
7.4,66.8,7.5,77.6,121,No,70.0
6.7,67.5,8.0,93.2,76,No,74.5
3.4,43.8,7.5,55.9,78,Yes,49.1
5.1,88.9,7.5,82.2,55,No,72.8
7.2,68.6,5.1,67.5,28,No,62.1
6.2,74.2,7.1,93.8,42,No,69.6
11.4,81.3,7.6,67.8,48,No,85.2
2.4,53.7,7.9,85.9,79,Yes,56.1
8.3,74.6,6.2,85.3,99,Yes,81.0
5.2,64.3,6.2,65.0,27,Yes,62.0
5.5,79.9,6.3,56.6,128,Yes,69.6
8.5,38.2,7.6,73.4,90,No,66.5
8.3,66.6,8.2,68.0,47,Yes,78.0
11.4,59.6,6.5,91.4,44,No,81.6
2.3,74.1,8.1,91.0,51,Yes,64.2
2.1,74.6,7.1,75.6,24,No,57.7
8.6,58.1,6.9,82.3,113,No,73.6
7.1,58.0,6.7,82.2,72,No,69.9
3.9,66.5,7.9,92.2,28,No,53.2
1.8,55.4,7.4,74.1,40,No,38.2
1.9,79.8,9.7,67.4,49,Yes,54.5
10.4,62.8,6.0,66.9,134,No,82.1
3.0,30.0,7.6,79.1,32,No,40.8
4.4,62.8,6.4,75.2,27,No,59.8
3.4,53.5,6.0,74.8,95,No,49.2
4.7,45.2,7.0,59.1,138,No,58.4
1.7,50.7,7.2,87.3,107,Yes,59.3
6.5,69.5,10.0,64.6,42,No,59.1
1.7,86.6,6.8,63.9,98,Yes,66.3
9.4,72.4,5.6,73.6,57,Yes,78.4
3.5,59.5,7.3,65.3,42,No,54.6
6.7,74.4,4.5,81.3,47,No,71.0
10.2,61.6,6.9,71.7,107,Yes,82.7
7.8,58.3,7.0,75.2,118,No,74.8
6.6,51.8,8.0,79.2,8,No,55.3
4.4,43.5,8.2,64.2,9,No,49.2
4.5,62.5,6.4,62.0,72,No,63.3
8.0,70.2,6.8,94.6,127,No,78.3
11.4,66.6,6.1,74.5,84,Yes,84.1
7.9,62.2,5.6,73.5,15,No,67.3
6.9,54.8,7.4,56.6,146,Yes,69.9
8.7,76.5,5.5,77.4,124,Yes,77.5
5.9,49.6,6.5,79.9,30,No,58.1
1.6,78.9,5.8,80.1,40,No,54.4
6.9,54.0,7.7,86.8,148,Yes,70.2
11.1,57.5,9.2,63.0,126,Yes,84.9
2.8,47.5,5.4,66.4,63,No,43.9
8.2,61.0,4.8,91.5,100,No,74.1
3.1,81.7,6.9,97.6,10,No,60.7
6.6,75.2,7.0,61.1,102,Yes,76.0
2.0,81.7,7.3,77.4,60,No,64.7
5.7,75.3,6.5,64.6,140,Yes,72.7
8.9,52.5,6.8,57.7,98,Yes,68.8
4.6,63.4,7.4,69.6,31,No,53.7
8.0,57.1,8.2,61.5,124,No,66.9
9.4,86.6,4.7,86.9,29,Yes,80.0
10.7,51.2,6.6,79.0,90,Yes,75.2
3.5,80.5,7.3,61.5,16,No,57.0
5.2,80.5,5.9,55.4,91,Yes,68.9
2.6,93.6,9.1,91.4,113,Yes,74.5
11.4,62.3,6.2,62.9,93,Yes,85.9
10.7,78.0,7.0,82.3,14,Yes,83.7
6.7,99.9,7.7,70.2,78,Yes,85.1
9.8,59.4,6.3,81.3,81,No,75.2
6.5,46.5,4.8,69.2,58,No,51.1
7.5,41.7,6.5,58.9,106,No,58.8
1.9,78.0,8.2,65.0,141,No,60.7
8.9,41.6,6.6,63.5,146,No,68.5
2.3,62.8,6.0,74.3,105,No,53.2
9.7,74.1,8.1,84.6,77,No,88.0
9.2,70.6,6.6,66.9,76,Yes,73.2
8.4,74.0,6.4,55.5,58,No,76.3
1.4,71.1,7.2,78.4,7,Yes,52.4
4.2,85.9,7.9,82.3,115,No,73.0
3.8,54.7,9.9,98.3,100,No,56.8
4.8,58.5,8.0,81.5,75,No,63.9
1.9,57.2,8.4,76.2,23,No,44.3
10.8,79.6,6.4,80.8,38,Yes,85.5
6.8,80.6,5.8,96.8,54,Yes,80.0
4.2,74.3,7.1,92.3,50,Yes,62.8
5.2,84.6,7.1,69.5,87,Yes,74.1
5.7,51.5,5.7,65.7,55,Yes,54.0
7.3,91.3,6.8,66.8,58,Yes,77.6
6.4,89.3,7.5,77.7,94,Yes,76.2
10.7,78.3,7.4,88.5,85,No,92.8
6.2,92.9,7.6,77.6,122,Yes,85.1
11.4,44.8,7.3,58.1,23,Yes,68.6
9.9,60.7,6.4,87.6,31,Yes,77.3
3.2,57.7,6.4,91.3,11,No,49.5
10.8,78.1,5.6,68.0,73,Yes,83.1
2.2,53.3,9.1,84.9,98,No,50.6
9.6,78.6,7.0,74.2,117,Yes,88.2
5.0,87.2,6.7,95.0,111,No,79.7
10.2,77.7,5.9,93.0,124,No,83.1
10.1,72.0,10.0,78.6,140,Yes,85.5
9.5,54.2,5.7,86.1,46,Yes,66.8
9.3,56.1,6.5,94.8,17,No,74.2
4.2,85.5,7.5,77.3,22,No,66.4
1.8,78.9,7.7,69.1,46,No,60.7
5.2,67.5,8.1,88.9,55,No,64.1
2.8,62.1,9.2,64.9,117,No,56.9
8.3,39.6,7.6,72.5,148,No,63.2
4.6,53.0,5.7,94.0,105,Yes,62.5
11.2,94.8,6.7,87.6,7,Yes,88.1
7.7,50.1,7.4,73.2,83,No,69.2
9.6,70.7,9.5,64.7,102,No,83.1
2.4,82.1,5.3,71.0,27,No,53.0
10.1,50.4,8.4,67.8,63,No,71.2
10.7,70.6,7.2,62.9,117,No,85.6
6.1,81.1,8.0,88.4,72,No,70.6
7.4,68.2,6.9,66.3,58,No,67.1
9.0,100.0,6.0,75.4,61,Yes,87.5
2.8,44.6,7.9,72.4,115,No,58.6
6.3,82.8,7.8,99.2,64,Yes,84.6
5.2,65.6,8.2,72.6,77,Yes,65.2
2.5,78.8,7.0,58.6,59,No,60.5
4.9,74.2,6.3,59.0,121,No,66.8
1.7,57.7,5.1,81.6,67,Yes,50.7
1.3,71.2,8.0,82.0,59,Yes,53.3
2.4,42.0,7.5,73.8,29,No,47.9
11.1,76.4,5.8,74.4,30,No,79.7
6.8,72.2,6.4,57.4,67,No,65.3
11.1,76.9,6.4,78.2,77,Yes,91.5
5.5,82.8,5.2,77.7,83,Yes,72.8
4.3,73.1,6.0,61.7,69,Yes,62.6
6.3,70.1,5.6,59.7,73,No,67.1
5.6,55.7,6.5,60.6,13,No,50.6
2.1,58.0,6.1,59.5,30,Yes,53.3
7.7,84.6,5.0,82.4,32,Yes,74.4
3.3,88.1,9.4,63.8,44,Yes,63.2
7.5,64.7,8.5,66.3,147,No,79.9
7.8,68.6,6.1,62.8,138,Yes,73.5
2.6,55.3,7.3,98.1,31,No,57.4
1.6,84.4,7.5,93.5,42,No,62.0
9.2,77.3,8.4,65.4,89,No,77.5
5.8,95.2,6.0,69.7,68,No,74.4
1.6,55.7,8.3,64.4,34,Yes,48.5
11.4,62.7,6.3,77.1,103,No,87.1
1.6,71.2,5.4,55.9,135,No,53.3
8.3,77.1,7.9,85.2,16,Yes,73.7
11.3,65.0,8.5,78.5,95,No,86.6
3.5,55.8,10.0,95.4,34,No,51.0
2.5,80.3,5.6,62.4,42,Yes,53.5
2.3,78.1,7.8,91.2,89,No,65.8
4.2,55.2,6.5,90.6,64,No,62.5
2.1,87.0,7.9,60.7,42,No,59.4
8.3,84.4,5.2,72.9,108,No,82.8
1.7,69.9,5.5,62.7,147,Yes,58.2
6.3,69.1,6.1,66.5,33,Yes,67.6
11.5,75.8,7.1,66.8,116,No,88.3
9.5,55.9,6.2,80.0,25,No,73.3
7.5,68.4,7.8,73.5,149,No,80.3
4.2,37.9,8.2,97.6,123,Yes,61.3
7.6,80.3,7.7,60.7,64,No,73.9
6.5,46.1,8.9,98.8,144,Yes,72.8
5.5,89.0,7.5,65.4,117,Yes,79.6
2.4,63.4,5.5,89.8,133,Yes,56.6
10.3,65.0,8.6,70.3,62,Yes,78.3
5.7,59.2,6.3,61.4,7,Yes,56.0
3.0,64.0,8.1,93.6,27,Yes,52.4
4.9,87.9,8.9,68.9,141,Yes,79.9
5.3,33.2,7.5,84.6,87,No,64.7
9.7,85.9,5.2,80.5,59,No,87.2
8.7,72.7,5.9,76.2,114,Yes,81.6
9.1,51.1,8.6,77.3,120,No,71.0
1.1,52.9,6.8,88.0,66,No,44.8
5.4,91.5,7.1,58.9,91,No,74.6
6.1,54.8,7.9,85.1,104,Yes,71.7
1.2,51.9,7.8,95.3,31,No,45.1
3.7,83.9,7.3,57.6,38,No,71.3
9.0,72.7,6.7,61.3,37,Yes,71.3
2.4,54.9,6.6,87.2,96,No,55.1
6.6,71.0,8.0,74.7,100,No,72.8
3.3,53.6,7.7,73.2,99,No,54.8
1.1,83.4,6.7,61.2,42,Yes,54.5
3.5,82.9,8.3,77.8,45,Yes,67.1
11.2,75.4,6.8,60.7,141,Yes,88.8
9.4,73.1,6.0,76.4,141,No,87.8
11.1,92.7,6.1,89.4,83,Yes,100.0
6.1,68.0,5.8,66.6,132,No,66.7
2.2,51.5,6.7,76.6,26,Yes,42.5
6.8,74.3,8.5,99.6,20,Yes,76.7
5.8,97.2,6.0,85.9,36,Yes,80.6
9.9,53.8,7.2,92.9,146,No,82.1
2.0,62.9,6.2,73.7,42,No,51.9
6.1,73.8,6.7,89.6,102,Yes,81.5
2.6,67.2,5.2,56.8,140,No,56.6
4.4,54.2,6.7,60.5,25,No,53.1
8.7,83.7,6.8,64.1,60,No,82.5
6.0,100.0,7.6,73.1,50,No,80.6
4.9,70.7,7.3,93.1,47,Yes,66.1
5.1,55.3,5.6,70.6,124,Yes,66.4
5.8,46.3,8.3,84.5,50,No,58.5
9.2,71.6,7.3,86.9,52,Yes,79.0
10.4,83.5,7.2,81.4,88,No,86.2
11.0,74.7,7.0,71.1,35,Yes,82.0
9.3,68.0,6.4,81.0,75,No,74.2
4.3,59.8,7.3,70.4,12,Yes,59.1
8.2,52.7,7.6,58.8,134,No,68.6
5.6,79.7,4.9,99.7,149,Yes,80.0
3.7,80.8,6.4,60.7,56,No,65.8
9.8,46.4,6.7,58.3,49,Yes,71.0
1.4,90.3,7.3,94.5,41,No,66.9
10.5,76.0,8.4,68.6,48,No,83.1
5.8,87.6,6.1,84.3,121,No,78.0
7.7,49.2,6.4,69.8,42,Yes,63.2
7.9,48.9,6.4,72.6,103,No,68.4
10.4,65.9,6.0,66.8,128,Yes,79.5
7.7,75.0,6.6,70.4,10,Yes,72.8
7.4,93.1,7.9,73.5,72,No,79.9
1.7,77.9,5.7,87.4,105,No,64.5
6.4,64.6,7.5,78.0,138,No,74.8
2.6,53.6,5.0,97.5,17,No,54.6
8.7,85.2,6.3,56.9,34,Yes,76.2
6.4,54.5,6.6,77.6,104,No,63.0
8.1,90.8,9.0,81.3,6,Yes,81.6
1.4,64.0,6.7,96.4,62,No,52.2
1.9,90.3,4.4,57.2,40,No,53.7
8.5,77.5,4.6,80.8,76,No,74.1
1.8,66.1,7.0,93.4,141,Yes,61.7
1.7,60.7,7.7,65.9,130,No,57.2
1.1,63.2,7.5,94.4,81,Yes,50.3
11.0,74.0,7.2,55.9,54,Yes,85.3
8.7,69.1,8.4,88.0,36,Yes,76.4
4.7,59.7,6.4,97.0,102,No,68.1
4.1,65.7,8.1,84.6,47,Yes,66.8
4.7,69.1,5.0,74.8,129,Yes,56.8
9.1,38.2,5.9,57.0,99,Yes,62.7
7.9,74.4,4.8,96.4,82,Yes,77.4
2.9,54.3,6.7,76.2,58,No,43.2
2.8,51.9,6.9,56.3,51,No,47.2
2.0,44.4,7.1,86.0,18,Yes,44.4
7.9,42.9,7.1,76.7,59,No,58.5
9.0,49.0,5.9,60.6,67,No,62.1
3.8,58.1,6.8,64.6,23,No,48.9
1.2,95.3,5.2,57.9,95,No,56.6
1.9,60.6,8.6,80.8,141,Yes,59.0
11.2,70.5,6.6,83.0,105,No,91.4
4.1,73.6,6.4,77.8,41,Yes,63.8
9.1,69.8,8.9,91.8,111,Yes,88.0
7.6,66.9,5.5,93.7,96,No,70.4
5.0,51.3,5.6,82.7,56,No,55.9
3.2,88.3,5.7,55.6,32,Yes,68.7
2.3,93.3,6.9,86.3,40,No,61.4
7.5,44.4,7.5,73.8,120,No,59.7
9.1,53.7,7.9,80.5,68,No,76.7
7.8,64.1,10.0,84.2,22,No,66.3
6.6,54.5,4.3,70.8,93,No,54.4
1.4,75.1,7.7,96.3,82,No,57.2
11.2,57.8,6.3,61.0,94,Yes,79.3
9.4,98.3,6.3,85.2,12,Yes,90.8
4.1,84.7,6.3,55.2,19,Yes,63.7
11.3,71.0,5.9,96.6,11,No,79.9
7.3,82.4,9.0,60.1,21,No,69.3
7.1,83.5,8.0,59.3,90,No,74.0
8.9,60.1,7.0,70.0,122,No,77.8
9.5,56.6,8.6,71.8,68,Yes,70.5
7.9,69.1,5.2,64.6,16,Yes,67.1
2.3,80.1,5.4,81.3,60,Yes,69.7
4.6,69.9,4.4,74.9,105,No,54.7
10.7,45.9,6.2,56.5,20,No,62.9
3.4,56.8,7.2,69.4,6,No,49.8
4.9,67.0,7.1,91.5,132,No,60.3
5.5,66.9,7.2,86.0,96,No,64.3
5.6,95.6,5.3,87.6,109,No,80.0
7.4,48.6,8.0,86.4,35,No,63.2
10.9,75.1,7.3,69.0,51,No,87.5
3.5,88.8,7.9,59.5,47,No,63.7
2.3,99.8,4.7,67.3,69,No,60.9
3.1,62.3,7.4,92.4,54,No,56.2
10.3,74.9,5.6,99.1,5,Yes,82.4
7.8,76.0,6.5,77.2,148,Yes,78.8
4.0,70.7,7.6,55.4,126,Yes,64.1
9.6,66.6,7.1,61.3,32,No,70.2
10.0,74.1,6.0,69.5,90,No,77.0
9.9,32.5,7.0,81.0,86,Yes,66.6
10.6,77.5,5.2,58.4,26,Yes,79.8
3.6,69.8,8.4,97.5,45,Yes,65.6
8.9,64.9,6.8,71.4,80,No,77.4
5.8,96.7,8.3,96.1,93,Yes,82.7
9.8,58.6,6.4,90.1,63,Yes,79.0
8.6,62.4,6.4,89.0,73,Yes,83.3
9.2,95.9,6.1,82.3,127,Yes,99.6
7.9,56.4,8.1,83.2,78,No,66.1
2.9,60.3,6.1,83.7,11,Yes,49.9
6.7,65.9,7.8,83.3,105,No,78.6
11.3,79.8,6.5,79.9,115,No,93.6
10.8,70.9,4.6,99.4,56,No,80.1
1.5,49.9,6.3,88.0,28,Yes,45.9
2.7,60.5,5.6,90.0,30,Yes,54.7
2.4,59.5,7.0,94.3,129,Yes,62.8
8.6,66.9,5.6,64.7,94,Yes,72.3
9.6,74.0,8.1,58.8,126,No,81.1
3.2,73.9,6.9,76.7,14,Yes,58.3
6.3,43.1,6.8,78.1,21,Yes,58.1
9.8,82.9,7.8,92.3,6,No,82.5
8.7,71.5,8.2,75.0,116,No,75.6
6.7,87.4,7.0,80.7,31,Yes,83.8
7.2,74.2,6.1,78.7,75,Yes,75.3
6.3,83.4,4.9,56.7,122,Yes,77.6
4.1,74.5,6.2,82.7,13,No,54.6
6.9,86.8,6.3,92.3,90,No,76.6
8.2,75.3,7.1,62.1,27,No,74.3
10.2,66.6,6.6,81.7,77,No,81.0
7.7,99.8,7.8,81.7,31,No,81.2
9.0,80.4,6.3,62.4,97,Yes,86.5
2.7,76.0,6.9,60.6,85,Yes,58.0
5.8,50.1,8.4,99.1,88,No,68.7
1.1,50.0,7.4,72.7,47,No,43.1
3.6,72.1,6.9,65.2,11,Yes,54.8
8.6,70.0,6.3,62.7,96,No,72.6
11.4,59.4,6.2,85.0,87,No,87.3
2.0,70.0,6.0,82.4,88,Yes,57.9
5.2,90.2,6.4,84.0,48,No,77.4
9.4,77.7,7.9,59.0,44,Yes,84.8
3.1,52.0,6.7,95.2,139,No,59.1
6.8,66.4,5.4,72.5,29,Yes,64.4
8.7,56.7,9.1,69.1,63,No,66.5
7.5,62.6,7.4,75.8,145,No,76.1
3.0,62.2,5.3,72.6,107,Yes,61.3
4.7,61.3,6.5,93.9,90,No,60.5
9.2,50.4,7.1,96.8,116,No,77.7
6.8,66.2,9.0,68.7,90,No,68.5
1.1,60.2,5.7,93.9,102,Yes,47.8
9.0,30.0,8.2,90.2,66,No,60.2
1.4,96.7,8.7,96.9,12,Yes,64.6
8.8,83.2,6.2,66.1,117,Yes,87.5
3.1,62.7,6.7,81.0,64,Yes,62.1
11.1,68.3,5.8,67.4,64,Yes,75.2
4.9,51.6,6.8,92.1,110,No,64.9
4.4,91.7,7.0,55.2,6,Yes,69.0
2.6,94.6,7.8,80.4,95,Yes,74.9
4.2,70.2,8.3,70.3,18,No,59.3
10.2,82.3,6.1,69.5,52,No,86.6
11.5,70.5,4.6,84.0,107,No,87.2
4.9,49.3,7.0,93.3,60,Yes,55.4
5.7,62.2,7.4,82.4,16,No,62.4
8.6,69.8,7.3,93.4,59,Yes,80.4
10.3,61.6,6.6,66.9,114,No,77.0
7.2,64.9,7.1,78.4,8,No,65.5
5.1,66.7,8.8,75.3,40,No,62.1
5.3,66.9,7.5,55.5,135,Yes,63.1
8.3,68.7,6.6,80.1,5,Yes,76.0
1.0,53.2,6.4,84.8,21,Yes,44.7
7.5,58.0,6.8,81.6,66,Yes,73.9
4.7,50.0,9.0,88.1,52,Yes,55.6
9.3,81.7,6.8,80.7,66,No,81.9
2.0,38.5,7.0,58.0,73,Yes,38.7
7.2,84.2,6.4,60.2,107,No,74.8
6.1,87.4,8.3,81.8,114,Yes,78.9
7.7,63.8,9.4,67.4,95,Yes,72.1
1.7,31.6,7.5,58.6,118,No,42.8
7.1,62.9,7.1,74.3,93,No,71.6
6.9,67.1,7.0,79.9,60,No,70.1
6.9,53.9,4.1,69.8,82,Yes,59.0
7.3,60.8,7.9,87.4,18,No,67.7
8.1,89.4,7.2,84.0,29,Yes,84.5
9.5,77.3,7.5,70.0,136,Yes,86.6
3.8,55.1,6.1,89.0,36,No,57.5
9.7,45.6,6.5,84.2,86,Yes,64.8
6.2,63.4,6.5,83.7,82,Yes,62.6
1.8,65.0,8.2,79.9,110,No,60.1
1.6,74.9,6.5,55.5,24,No,49.4
4.5,60.5,9.5,86.3,78,Yes,64.6
9.2,75.2,7.5,71.9,14,No,74.8
8.4,95.1,5.5,97.4,127,Yes,98.8
9.3,79.4,6.8,91.8,38,No,83.1
6.4,67.3,6.2,81.4,44,No,68.6
5.6,65.4,4.4,66.3,131,Yes,60.4
2.5,63.0,8.9,64.2,37,Yes,48.3
4.4,84.5,7.8,70.3,75,Yes,65.1
5.6,59.2,7.6,76.4,141,No,70.2
1.9,68.6,7.2,68.3,148,No,60.2
3.3,68.7,5.3,78.2,137,Yes,62.8
7.3,61.0,6.4,62.4,102,Yes,65.6
8.7,48.8,8.0,99.0,128,Yes,82.7
11.5,72.5,5.7,59.9,47,Yes,82.5
10.8,67.1,4.0,96.9,118,Yes,83.8
7.7,75.0,6.7,96.1,93,No,80.7
5.4,60.5,6.8,78.6,17,No,56.1
7.7,85.1,7.2,87.6,132,No,89.7
9.2,55.7,7.9,74.6,143,No,78.4
2.2,92.0,7.8,83.4,56,No,66.1
5.3,43.5,7.3,70.3,21,No,53.1
9.8,74.1,8.4,68.6,17,No,80.1
5.0,74.7,5.2,81.0,88,Yes,69.8
7.0,56.9,7.6,77.4,101,Yes,64.6
7.2,73.9,7.8,81.1,110,Yes,74.3
2.9,85.9,5.5,67.9,100,No,65.7
4.8,37.0,5.2,71.5,12,No,40.3
4.5,75.0,6.1,58.8,60,Yes,59.4
1.3,33.1,6.2,57.4,108,No,37.7
1.3,54.5,7.9,66.4,87,No,43.2
9.7,90.8,6.3,58.3,48,Yes,83.8
3.9,59.9,6.0,59.7,107,Yes,60.6
6.4,51.6,6.3,91.6,116,Yes,63.5
4.1,65.2,8.3,56.7,46,Yes,52.8
10.9,97.0,7.0,84.7,149,No,95.9
3.7,42.4,6.8,67.3,34,No,43.0
5.5,53.3,6.9,94.2,30,No,61.2
10.2,89.0,8.6,76.8,129,No,90.4
9.8,94.0,6.1,68.8,23,No,90.3
3.0,66.6,8.6,78.3,57,No,58.4
9.4,50.7,7.3,72.2,89,No,71.7
5.8,97.3,6.8,80.4,21,No,81.6
6.1,90.3,10.0,60.2,108,No,67.5
2.4,77.5,5.7,99.9,109,Yes,70.0
1.8,56.6,6.6,74.2,108,No,50.7
8.6,67.3,5.5,70.7,128,Yes,75.5
6.2,65.8,8.1,87.0,85,No,72.5
5.6,72.6,9.0,71.4,41,Yes,64.9
8.7,88.3,9.0,92.5,125,Yes,92.0
9.0,80.3,8.5,75.4,74,No,81.5
2.7,52.9,6.8,87.4,134,Yes,60.0
7.4,87.3,6.6,59.8,63,Yes,76.7
2.4,72.4,5.0,93.1,122,Yes,65.2
8.9,77.6,9.4,88.1,137,No,77.2
7.9,88.5,7.6,64.5,41,No,81.0
11.0,52.4,6.4,61.5,35,No,64.7
1.7,67.5,8.6,69.2,103,No,51.7
1.6,60.6,5.8,98.9,98,Yes,58.6
4.0,46.0,7.5,66.6,10,Yes,42.3
